timestamp,date,stream_name,track_id,total_frames,mean_diff,std_diff,crop_path,full_path,diff_history,bbox_area_history
2026-09-09 19:08:10,2026-09-09,cam_38,16,54,10.44,3.78,/home/ashutosh_sharma/sleep-detection/cam_38/2026-09-09/tracked_persons/cam_38_CROP_id16_2026-09-09_19-08-10.jpg,/home/ashutosh_sharma/sleep-detection/cam_38/2026-09-09/tracked_persons/cam_38_FULL_id16_2026-09-09_19-08-10.jpg,"[13.1845703125, 9.6376953125, 15.1337890625, 11.2861328125, 16.8935546875, 10.51953125, 10.2919921875, 10.2421875, 15.890625, 9.109375, 14.6259765625, 9.7490234375, 21.4736328125, 9.7587890625, 15.9853515625, 8.580078125, 17.7392578125, 7.6787109375, 11.8583984375, 7.939453125, 16.455078125, 6.7626953125, 15.7568359375, 6.541015625, 14.025390625, 5.9462890625, 9.7548828125, 13.30859375, 9.189453125, 11.9609375, 5.6455078125, 9.62109375, 16.48828125, 5.6064453125, 8.322265625, 10.8974609375, 8.0458984375, 10.6962890625, 6.3251953125, 8.9951171875, 13.3369140625, 8.7041015625, 11.068359375, 5.240234375, 8.998046875, 10.640625, 4.4560546875, 6.9453125, 10.25390625, 4.7529296875, 6.7548828125, 8.6015625, 11.3076171875, 4.6513671875]","[32214.0, 32900.0, 32204.0, 33089.0, 33507.0, 34200.0, 35636.0, 36784.0, 36395.0, 36608.0, 38740.0, 39976.0, 43890.0, 46980.0, 49860.0, 52734.0, 55772.0, 56024.0, 54662.0, 52668.0, 49767.0, 51824.0, 55680.0, 58560.0, 60352.0, 61305.0, 62928.0, 58995.0, 60350.0, 60502.0, 60690.0, 59150.0, 56724.0, 55809.0, 59150.0, 61425.0, 65860.0, 65394.0, 63732.0, 59940.0, 56446.0, 54432.0, 53040.0, 51642.0, 53130.0, 53820.0, 54668.0, 55142.0, 51852.0, 42294.0, 38958.0, 38958.0, 30873.0, 27965.0]"
2026-09-09 19:08:12,2026-09-09,cam_31,12,89,6.86,3.07,/home/ashutosh_sharma/sleep-detection/cam_31/2026-09-09/tracked_persons/cam_31_CROP_id12_2026-09-09_19-08-12.jpg,/home/ashutosh_sharma/sleep-detection/cam_31/2026-09-09/tracked_persons/cam_31_FULL_id12_2026-09-09_19-08-12.jpg,"[0.8701171875, 1.650390625, 2.2353515625, 2.7607421875, 3.2294921875, 3.5263671875, 3.828125, 4.3193359375, 4.5869140625, 4.7841796875, 5.12890625, 5.439453125, 5.455078125, 5.5654296875, 5.66796875, 6.01171875, 6.0673828125, 6.111328125, 6.2451171875, 6.3125, 6.2392578125, 6.26953125, 6.3994140625, 6.5400390625, 6.4375, 6.4345703125, 6.494140625, 6.447265625, 6.51171875, 6.779296875, 6.74609375, 6.763671875, 6.8408203125, 7.4345703125, 7.8115234375, 8.1123046875, 8.3974609375, 8.4404296875, 8.150390625, 7.9931640625, 7.7294921875, 7.6240234375, 7.7568359375, 7.9130859375, 7.9541015625, 8.0966796875, 8.208984375, 8.4833984375, 8.6611328125, 9.0009765625, 29.076171875, 1.4853515625, 2.7802734375, 3.8662109375, 4.6171875, 5.25390625, 5.7216796875, 6.1767578125, 6.7451171875, 7.1904296875, 7.5693359375, 7.7021484375, 7.9775390625, 8.015625, 8.015625, 8.025390625, 7.83984375, 7.611328125, 7.7490234375, 7.8232421875, 7.8291015625, 7.9912109375, 8.099609375, 8.146484375, 8.162109375, 8.45703125, 8.4326171875, 8.4853515625, 8.357421875, 8.3095703125, 8.37109375, 8.498046875, 8.89453125, 9.5673828125, 10.6640625, 2.5478515625, 4.255859375, 5.2275390625, 6.19140625]","[78683.0, 79305.0, 79305.0, 79305.0, 78994.0, 79616.0, 79616.0, 78683.0, 78372.0, 78061.0, 78061.0, 78061.0, 78994.0, 78683.0, 78994.0, 117613.0, 125668.0, 127449.0, 127092.0, 127806.0, 126736.0, 126736.0, 127806.0, 126025.0, 127448.0, 126736.0, 125315.0, 125670.0, 127090.0, 127448.0, 127090.0, 125668.0, 125316.0, 124608.0, 123192.0, 123900.0, 124608.0, 123550.0, 123197.0, 121079.0, 122144.0, 122144.0, 121446.0, 119680.0, 119667.0, 119700.0, 119340.0, 119680.0, 118989.0, 81120.0, 89880.0, 90025.0, 90025.0, 78925.0, 78100.0, 88044.0, 90252.0, 90856.0, 90804.0, 90475.0, 90475.0, 90200.0, 89650.0, 89650.0, 89650.0, 89925.0, 89650.0, 89650.0, 89976.0, 89976.0, 89976.0, 89700.0, 89375.0, 89976.0, 89976.0, 90804.0, 90252.0, 90804.0, 90528.0, 90804.0, 89925.0, 90804.0, 91133.0, 90579.0, 90025.0, 90025.0, 89748.0, 89748.0, 90302.0]"
2026-09-09 19:08:44,2026-09-09,cam_25,13,108,6.04,3.39,/home/ashutosh_sharma/sleep-detection/cam_25/2026-09-09/tracked_persons/cam_25_CROP_id13_2026-09-09_19-08-44.jpg,/home/ashutosh_sharma/sleep-detection/cam_25/2026-09-09/tracked_persons/cam_25_FULL_id13_2026-09-09_19-08-44.jpg,"[0.39453125, 0.9345703125, 1.58203125, 1.8974609375, 2.27734375, 2.6005859375, 2.859375, 3.1025390625, 3.326171875, 3.5166015625, 3.7080078125, 4.0009765625, 4.189453125, 4.3017578125, 4.4677734375, 4.6787109375, 4.78515625, 4.9189453125, 4.88671875, 4.857421875, 5.0908203125, 5.23046875, 5.359375, 5.5830078125, 5.7763671875, 6.0029296875, 6.03515625, 5.9697265625, 5.951171875, 6.09375, 6.1630859375, 6.1591796875, 6.23046875, 6.25, 6.3046875, 6.580078125, 6.7216796875, 6.90234375, 6.87890625, 6.927734375, 6.78515625, 6.80859375, 6.8681640625, 6.7900390625, 6.8955078125, 6.927734375, 6.9970703125, 7.03125, 7.154296875, 8.16015625, 8.1708984375, 8.21484375, 8.251953125, 8.3505859375, 8.3916015625, 8.513671875, 8.580078125, 8.6181640625, 8.6240234375, 19.3798828125, 24.2333984375, 0.3818359375, 0.9267578125, 1.4267578125, 1.86328125, 2.4541015625, 2.7763671875, 2.9912109375, 3.3427734375, 3.521484375, 3.884765625, 4.126953125, 4.48828125, 4.828125, 4.9287109375, 5.1826171875, 5.3916015625, 5.6611328125, 5.72265625, 5.9453125, 6.16796875, 6.3916015625, 6.5791015625, 6.662109375, 6.7734375, 6.90625, 7.2529296875, 7.46875, 7.634765625, 7.8125, 8.0859375, 8.248046875, 8.3681640625, 8.388671875, 8.4716796875, 8.517578125, 8.7236328125, 8.7900390625, 8.7626953125, 8.8017578125, 8.8232421875, 8.7236328125, 18.9716796875, 0.7978515625, 1.73046875, 2.5390625, 3.236328125, 3.921875]","[61915.0, 61625.0, 61770.0, 61915.0, 61915.0, 61770.0, 61770.0, 61625.0, 61625.0, 61625.0, 61625.0, 61625.0, 61625.0, 61625.0, 61625.0, 61625.0, 61625.0, 61625.0, 61625.0, 61625.0, 61625.0, 61625.0, 61625.0, 61625.0, 61625.0, 61625.0, 61480.0, 61335.0, 61335.0, 61335.0, 61335.0, 61335.0, 61480.0, 61335.0, 61335.0, 61335.0, 61335.0, 61480.0, 61335.0, 61335.0, 61335.0, 61335.0, 61480.0, 61625.0, 61625.0, 61625.0, 61625.0, 61625.0, 61335.0, 61061.0, 61061.0, 61204.0, 61061.0, 61061.0, 61061.0, 61347.0, 61347.0, 61347.0, 61347.0, 61061.0, 56232.0, 55806.0, 55675.0, 55675.0, 55675.0, 55675.0, 55806.0, 56232.0, 55806.0, 55675.0, 55250.0, 55675.0, 55675.0, 55937.0, 55937.0, 55937.0, 55937.0, 55937.0, 55937.0, 55937.0, 55937.0, 55937.0, 55937.0, 55937.0, 55675.0, 55675.0, 55675.0, 55675.0, 55675.0, 55675.0, 55675.0, 55675.0, 55675.0, 55675.0, 55675.0, 55675.0, 55675.0, 55675.0, 55675.0, 55675.0, 55675.0, 55675.0, 55704.0, 56126.0, 56548.0, 56548.0, 56414.0, 55993.0]"
2026-09-09 19:08:44,2026-09-09,cam_03,2,167,6.10,2.73,/home/ashutosh_sharma/sleep-detection/cam_03/2026-09-09/tracked_persons/cam_03_CROP_id2_2026-09-09_19-08-44.jpg,/home/ashutosh_sharma/sleep-detection/cam_03/2026-09-09/tracked_persons/cam_03_FULL_id2_2026-09-09_19-08-44.jpg,"[0.2333984375, 0.3857421875, 0.5576171875, 0.7529296875, 0.8671875, 1.2109375, 1.2802734375, 1.4453125, 1.73046875, 1.890625, 2.033203125, 2.1826171875, 2.3740234375, 2.373046875, 2.6708984375, 2.6767578125, 2.7841796875, 2.9326171875, 5.7958984375, 5.8388671875, 5.7021484375, 5.6865234375, 5.6396484375, 5.568359375, 5.544921875, 5.572265625, 5.5419921875, 5.638671875, 5.6748046875, 5.72265625, 5.78125, 5.8369140625, 5.8388671875, 5.87109375, 5.9189453125, 5.962890625, 6.0400390625, 6.064453125, 6.1611328125, 6.2294921875, 6.28515625, 6.330078125, 6.439453125, 6.5771484375, 6.615234375, 6.6748046875, 6.6953125, 6.765625, 6.8359375, 6.9140625, 6.9208984375, 6.912109375, 6.947265625, 7.0029296875, 7.0458984375, 7.08984375, 7.1572265625, 7.1611328125, 7.14453125, 7.103515625, 7.1005859375, 6.9970703125, 6.998046875, 6.9013671875, 6.9521484375, 6.8720703125, 6.8017578125, 6.7802734375, 6.6572265625, 6.6416015625, 6.482421875, 6.4658203125, 6.4697265625, 6.443359375, 6.37109375, 6.37109375, 8.0498046875, 7.9541015625, 7.419921875, 7.36328125, 7.7685546875, 7.689453125, 7.306640625, 7.2001953125, 7.5146484375, 7.578125, 7.2646484375, 7.07421875, 7.060546875, 7.072265625, 7.02734375, 6.8740234375, 6.86328125, 7.197265625, 7.0703125, 6.904296875, 6.9765625, 7.1708984375, 7.208984375, 7.158203125, 7.1796875, 7.2353515625, 7.205078125, 10.42578125, 0.1123046875, 0.505859375, 0.9013671875, 1.419921875, 1.814453125, 2.26953125, 2.626953125, 3.150390625, 3.548828125, 3.8408203125, 4.2978515625, 5.90234375, 5.919921875, 5.8056640625, 5.751953125, 5.7216796875, 5.677734375, 5.611328125, 5.5263671875, 5.474609375, 5.4931640625, 5.5107421875, 5.5283203125, 5.5498046875, 5.63671875, 5.7255859375, 5.7705078125, 5.8603515625, 5.9697265625, 6.0888671875, 6.1748046875, 6.2802734375, 6.4599609375, 6.576171875, 6.8564453125, 6.853515625, 6.7490234375, 6.7763671875, 6.8095703125, 6.9287109375, 6.9619140625, 7.0458984375, 7.1328125, 7.26171875, 10.0751953125, 26.208984375, 4.7763671875, 7.3369140625, 9.013671875, 11.16796875, 4.8447265625, 8.6181640625, 11.716796875, 6.7451171875, 10.3740234375, 6.4853515625, 10.4140625, 7.68359375, 10.9267578125, 6.9951171875, 11.4921875, 6.5283203125, 10.37109375]","[249845.0, 250312.0, 250312.0, 250312.0, 250312.0, 249705.0, 249240.0, 250312.0, 250779.0, 250779.0, 248775.0, 249845.0, 249845.0, 249845.0, 249845.0, 249845.0, 249845.0, 249845.0, 248911.0, 248911.0, 250915.0, 249977.0, 249977.0, 249977.0, 249977.0, 248911.0, 248911.0, 248911.0, 249378.0, 248911.0, 249378.0, 248911.0, 248911.0, 248911.0, 248911.0, 248911.0, 248911.0, 248911.0, 248911.0, 248911.0, 248911.0, 248911.0, 248911.0, 248911.0, 248911.0, 248911.0, 248911.0, 248911.0, 248911.0, 248911.0, 248911.0, 248911.0, 248911.0, 248911.0, 248911.0, 248911.0, 248911.0, 248911.0, 248911.0, 248911.0, 248911.0, 248911.0, 248911.0, 248911.0, 248911.0, 248911.0, 248911.0, 249378.0, 249444.0, 249444.0, 248911.0, 248911.0, 249444.0, 249444.0, 248911.0, 247977.0, 249977.0, 249977.0, 247977.0, 249977.0, 248911.0, 249977.0, 248911.0, 248911.0, 248444.0, 249977.0, 248911.0, 248911.0, 248911.0, 249444.0, 248911.0, 247977.0, 248911.0, 248911.0, 248911.0, 247977.0, 248378.0, 248911.0, 249444.0, 247977.0, 248911.0, 248911.0, 248911.0, 249159.0, 249570.0, 250101.0, 250101.0, 249159.0, 249039.0, 249039.0, 249039.0, 249039.0, 249039.0, 249570.0, 249570.0, 251576.0, 251985.0, 251985.0, 251985.0, 251985.0, 251985.0, 251450.0, 251985.0, 251985.0, 251985.0, 251985.0, 251985.0, 251514.0, 251985.0, 251985.0, 251985.0, 251985.0, 251985.0, 251985.0, 251450.0, 251450.0, 250915.0, 250915.0, 251853.0, 250915.0, 250915.0, 251450.0, 251450.0, 251450.0, 251985.0, 251985.0, 252927.0, 252390.0, 251450.0, 242536.0, 243045.0, 243536.0, 245520.0, 248003.0, 259979.0, 265530.0, 252506.0, 264600.0, 255528.0, 253991.0, 261626.0, 258560.0, 260568.0, 263662.0, 263153.0, 266760.0, 272874.0]"
2026-09-09 19:08:45,2026-09-09,cam_30,10,122,11.11,3.69,/home/ashutosh_sharma/sleep-detection/cam_30/2026-09-09/tracked_persons/cam_30_CROP_id10_2026-09-09_19-08-45.jpg,/home/ashutosh_sharma/sleep-detection/cam_30/2026-09-09/tracked_persons/cam_30_FULL_id10_2026-09-09_19-08-45.jpg,"[11.646484375, 10.1552734375, 9.0029296875, 15.994140625, 9.7578125, 18.287109375, 12.7880859375, 12.65234375, 12.376953125, 11.5068359375, 12.0615234375, 11.6474609375, 11.091796875, 10.7333984375, 9.375, 16.51953125, 10.447265625, 10.095703125, 10.2275390625, 11.865234375, 10.970703125, 10.8798828125, 10.662109375, 9.5380859375, 15.8134765625, 7.9541015625, 13.5302734375, 5.912109375, 11.3115234375, 5.828125, 10.2626953125, 6.00390625, 9.4462890625, 13.1044921875, 5.947265625, 11.0791015625, 5.7939453125, 10.013671875, 7.501953125, 11.7099609375, 5.0849609375, 9.564453125, 13.216796875, 6.4599609375, 10.5, 5.8369140625, 9.740234375, 13.05859375, 6.369140625, 11.3310546875, 6.0107421875, 10.166015625, 5.6591796875, 9.34765625, 11.875, 4.7939453125, 8.115234375, 10.35546875, 4.4072265625, 7.5224609375, 10.908203125, 4.6435546875, 7.490234375, 10.0751953125, 5.63671875, 8.7099609375, 10.7802734375, 4.734375, 8.6015625, 10.9521484375, 5.3359375, 9.298828125, 11.4853515625, 5.4482421875, 9.95703125, 12.5888671875, 5.908203125, 9.9912109375, 15.5556640625, 6.49609375, 11.0244140625, 7.482421875, 12.5068359375, 8.3876953125, 13.7333984375, 7.951171875, 13.80078125, 9.7119140625, 16.3212890625, 10.4775390625, 10.3544921875, 10.0654296875, 9.7314453125, 16.083984375, 8.1875, 14.4072265625, 9.435546875, 17.76953125, 13.1513671875, 11.7744140625, 12.0947265625, 13.1875, 14.0654296875, 15.703125, 17.9794921875, 18.369140625, 18.6015625, 18.74609375, 18.345703125, 18.0078125, 17.296875, 16.29296875, 15.5244140625, 14.5205078125, 13.88671875, 13.65234375, 13.1728515625, 12.0556640625, 13.638671875, 15.52734375, 17.384765625, 19.0341796875]","[93984.0, 101750.0, 105450.0, 108560.0, 111020.0, 114437.0, 117836.0, 121095.0, 124214.0, 130125.0, 137632.0, 146610.0, 146910.0, 163541.0, 169068.0, 152427.0, 173582.0, 179158.0, 157591.0, 198990.0, 206145.0, 200168.0, 203742.0, 204240.0, 204006.0, 205560.0, 206124.0, 206272.0, 206957.0, 207756.0, 207432.0, 208808.0, 212711.0, 217971.0, 221130.0, 226135.0, 235060.0, 222464.0, 229632.0, 228750.0, 244197.0, 244860.0, 256710.0, 256355.0, 248682.0, 234549.0, 231387.0, 222757.0, 217128.0, 213465.0, 206580.0, 202927.0, 199677.0, 195129.0, 190314.0, 182754.0, 172064.0, 172425.0, 177600.0, 229478.0, 227238.0, 235104.0, 233244.0, 234244.0, 233125.0, 231633.0, 233750.0, 232254.0, 230514.0, 226548.0, 225939.0, 225568.0, 222971.0, 221487.0, 222308.0, 221464.0, 229362.0, 242935.0, 253759.0, 259098.0, 259605.0, 265824.0, 267120.0, 266250.0, 264076.0, 206790.0, 201936.0, 201705.0, 232830.0, 230223.0, 213944.0, 206448.0, 209718.0, 216678.0, 215543.0, 210635.0, 203715.0, 196308.0, 190476.0, 187230.0, 172420.0, 167535.0, 157050.0, 144648.0, 135564.0, 128436.0, 120400.0, 115283.0, 112055.0, 108990.0, 105930.0, 104895.0, 104794.0, 104329.0, 102375.0, 103740.0, 104668.0, 94138.0, 79335.0, 65250.0, 53756.0, 43200.0]"
2026-09-09 19:09:31,2026-09-09,cam_64,21,100,7.36,2.49,/home/ashutosh_sharma/sleep-detection/cam_64/2026-09-09/tracked_persons/cam_64_CROP_id21_2026-09-09_19-09-31.jpg,/home/ashutosh_sharma/sleep-detection/cam_64/2026-09-09/tracked_persons/cam_64_FULL_id21_2026-09-09_19-09-31.jpg,"[2.31640625, 3.763671875, 4.9501953125, 5.791015625, 6.6953125, 7.8505859375, 9.0625, 9.888671875, 10.2421875, 4.2392578125, 6.71875, 8.8447265625, 10.3388671875, 5.380859375, 8.525390625, 11.767578125, 6.8017578125, 10.7119140625, 6.904296875, 10.21875, 6.9619140625, 9.7734375, 12.03515625, 6.6015625, 10.3916015625, 7.15625, 9.6748046875, 12.3935546875, 7.1455078125, 9.9189453125, 11.9111328125, 5.5029296875, 9.498046875, 11.2744140625, 3.712890625, 5.421875, 6.833984375, 8.482421875, 9.568359375, 10.7529296875, 3.9453125, 7.376953125, 10.0478515625, 5.1591796875, 7.791015625, 10.080078125, 5.1142578125, 7.3994140625, 8.986328125, 11.4990234375, 3.5146484375, 5.7666015625, 7.4443359375, 8.9599609375, 10.537109375, 3.9833984375, 6.201171875, 7.046875, 8.55859375, 10.5234375, 4.0986328125, 6.1142578125, 7.5009765625, 8.9638671875, 10.0078125, 2.064453125, 3.2646484375, 4.2275390625, 5.2509765625, 6.3720703125, 7.1123046875, 7.5908203125, 7.75390625, 8.017578125, 8.189453125, 8.130859375, 8.03125, 8.6484375, 9.623046875, 10.47265625, 3.2822265625, 4.865234375, 5.9326171875, 6.365234375, 6.623046875, 6.787109375, 7.484375, 7.806640625, 8.26171875, 9.662109375, 10.1884765625, 2.2841796875, 3.0849609375, 3.7724609375, 4.3251953125, 4.8466796875, 5.376953125, 5.58203125, 5.572265625, 6.7509765625]","[69309.0, 69615.0, 68705.0, 69464.0, 69615.0, 72345.0, 73710.0, 74165.0, 70980.0, 69762.0, 69454.0, 69146.0, 69285.0, 70022.0, 70437.0, 69920.0, 69713.0, 70579.0, 72144.0, 73701.0, 74909.0, 76384.0, 76995.0, 78735.0, 80290.0, 82215.0, 85892.0, 88274.0, 90666.0, 89995.0, 87759.0, 81512.0, 80183.0, 80100.0, 66750.0, 78225.0, 67200.0, 73187.0, 69595.0, 68697.0, 68400.0, 69156.0, 70370.0, 70980.0, 69160.0, 67497.0, 66430.0, 67646.0, 69762.0, 71121.0, 70807.0, 69454.0, 66748.0, 66901.0, 63309.0, 59268.0, 58688.0, 61376.0, 62580.0, 65116.0, 67944.0, 69865.0, 73590.0, 74482.0, 75205.0, 75205.0, 74649.0, 74202.0, 73755.0, 71073.0, 68085.0, 66305.0, 65415.0, 67195.0, 69865.0, 70310.0, 70152.0, 70152.0, 71766.0, 70880.0, 69994.0, 68222.0, 72090.0, 75374.0, 77604.0, 82248.0, 86271.0, 89400.0, 90741.0, 89000.0, 82325.0, 78854.0, 81512.0, 77082.0, 73095.0, 73095.0, 73538.0, 78411.0, 81585.0, 88200.0]"
2026-09-09 19:09:31,2026-09-09,cam_64,23,100,8.29,2.58,/home/ashutosh_sharma/sleep-detection/cam_64/2026-09-09/tracked_persons/cam_64_CROP_id23_2026-09-09_19-09-31.jpg,/home/ashutosh_sharma/sleep-detection/cam_64/2026-09-09/tracked_persons/cam_64_FULL_id23_2026-09-09_19-09-31.jpg,"[7.9375, 9.82421875, 10.0009765625, 6.1923828125, 6.5888671875, 7.4501953125, 8.134765625, 8.646484375, 9.12890625, 9.6220703125, 10.119140625, 1.072265625, 1.630859375, 2.01953125, 2.5068359375, 3.06640625, 3.8740234375, 4.7646484375, 5.4951171875, 5.9912109375, 6.2001953125, 6.466796875, 6.9912109375, 7.1689453125, 7.244140625, 7.26171875, 7.3154296875, 7.404296875, 7.5068359375, 7.6748046875, 7.8359375, 7.568359375, 7.76171875, 8.130859375, 8.24609375, 8.626953125, 8.51953125, 8.6826171875, 8.7607421875, 8.673828125, 8.8251953125, 9.138671875, 9.509765625, 9.9228515625, 10.5390625, 3.4658203125, 6.1884765625, 7.2490234375, 8.0654296875, 9.763671875, 10.17578125, 2.7265625, 4.3505859375, 5.3310546875, 6.794921875, 7.7001953125, 8.0966796875, 7.8037109375, 7.91796875, 8.2470703125, 8.857421875, 9.7392578125, 11.36328125, 6.63671875, 9.90625, 13.14453125, 7.4052734375, 13.1796875, 10.4853515625, 8.6337890625, 12.203125, 8.009765625, 13.16015625, 9.12109375, 12.8994140625, 8.529296875, 13.0498046875, 10.0009765625, 10.310546875, 10.85546875, 10.005859375, 9.873046875, 14.234375, 8.001953125, 11.7236328125, 7.1650390625, 10.75390625, 6.767578125, 9.517578125, 11.72265625, 6.7001953125, 9.25390625, 12.162109375, 7.7802734375, 11.1484375, 7.61328125, 10.865234375, 7.427734375, 10.3505859375, 8.8525390625]","[14329.0, 15322.0, 16464.0, 17442.0, 17675.0, 18656.0, 20178.0, 20532.0, 21063.0, 21480.0, 21838.0, 22140.0, 22263.0, 21177.0, 20453.0, 19910.0, 19367.0, 20091.0, 22568.0, 22509.0, 20091.0, 20634.0, 20679.0, 20679.0, 22509.0, 22875.0, 21177.0, 19620.0, 18974.0, 19116.0, 19008.0, 19250.0, 19075.0, 19140.0, 19376.0, 18920.0, 18870.0, 19097.0, 19435.0, 19320.0, 19320.0, 19488.0, 20328.0, 20111.0, 20520.0, 20178.0, 19836.0, 21106.0, 21971.0, 22050.0, 21417.0, 21301.0, 23607.0, 20056.0, 18315.0, 18228.0, 18048.0, 17955.0, 18620.0, 18909.0, 18336.0, 19392.0, 18528.0, 18430.0, 18525.0, 19897.0, 18018.0, 16915.0, 17889.0, 18786.0, 24888.0, 21112.0, 24278.0, 24056.0, 25088.0, 25074.0, 24926.0, 25010.0, 24720.0, 23370.0, 23985.0, 24720.0, 24805.0, 23985.0, 24360.0, 24072.0, 24840.0, 26187.0, 25984.0, 25527.0, 24477.0, 24428.0, 23128.0, 23400.0, 24304.0, 24625.0, 23958.0, 24278.0, 26532.0, 24428.0]"
2026-09-09 19:09:31,2026-09-09,cam_38,14,149,7.03,2.57,/home/ashutosh_sharma/sleep-detection/cam_38/2026-09-09/tracked_persons/cam_38_CROP_id14_2026-09-09_19-09-31.jpg,/home/ashutosh_sharma/sleep-detection/cam_38/2026-09-09/tracked_persons/cam_38_FULL_id14_2026-09-09_19-09-31.jpg,"[1.2177734375, 2.046875, 2.7333984375, 3.65234375, 4.2177734375, 4.4619140625, 4.30078125, 4.369140625, 4.2900390625, 4.2216796875, 4.6025390625, 4.9677734375, 5.4765625, 5.953125, 6.6259765625, 7.8505859375, 8.6162109375, 9.0166015625, 9.6796875, 10.6201171875, 2.2939453125, 3.9111328125, 6.6142578125, 9.9287109375, 10.7998046875, 1.97265625, 3.76953125, 6.375, 7.236328125, 8.4892578125, 9.28125, 10.5751953125, 1.990234375, 3.0966796875, 4.2177734375, 5.345703125, 5.6123046875, 5.6513671875, 5.8818359375, 8.001953125, 10.8291015625, 5.1494140625, 8.890625, 10.50390625, 2.0869140625, 3.4150390625, 4.267578125, 5.5361328125, 6.4833984375, 8.3203125, 8.1328125, 8.0556640625, 8.5, 8.7275390625, 9.0517578125, 9.80859375, 10.15625, 3.630859375, 5.6123046875, 9.021484375, 10.251953125, 3.2998046875, 5.27734375, 7.072265625, 7.595703125, 8.29296875, 8.892578125, 9.81640625, 10.416015625, 2.2958984375, 3.7724609375, 5.40234375, 6.1982421875, 6.65625, 7.1484375, 8.0361328125, 8.185546875, 8.3388671875, 8.4404296875, 9.2060546875, 9.169921875, 9.0322265625, 9.3037109375, 9.92578125, 10.3974609375, 2.6884765625, 4.4521484375, 5.8623046875, 6.513671875, 6.9208984375, 6.87109375, 7.4228515625, 8.099609375, 8.685546875, 9.5927734375, 11.2099609375, 2.244140625, 3.3583984375, 4.2919921875, 7.4833984375, 7.8466796875, 7.71484375, 7.8388671875, 7.4921875, 8.0361328125, 8.3505859375, 8.580078125, 8.7373046875, 9.05859375, 9.625, 9.3779296875, 9.9326171875, 10.3671875, 1.9755859375, 3.6298828125, 6.2470703125, 7.2265625, 7.6220703125, 8.25390625, 9.7861328125, 10.21875, 2.1728515625, 3.6962890625, 6.9716796875, 8.337890625, 10.0029296875, 3.701171875, 7.111328125, 8.365234375, 9.4560546875, 10.4951171875, 5.734375, 7.392578125, 8.673828125, 9.9765625, 11.5673828125, 5.181640625, 7.5263671875, 8.875, 9.76953125, 9.8359375, 10.060546875, 2.900390625, 5.8837890625, 6.732421875, 7.435546875, 8.015625, 9.6298828125, 10.2626953125]","[15939.0, 15862.0, 15862.0, 15375.0, 15450.0, 15862.0, 15862.0, 15450.0, 15450.0, 15450.0, 15450.0, 15450.0, 15450.0, 15525.0, 15525.0, 15525.0, 15732.0, 16146.0, 16146.0, 16146.0, 15732.0, 15525.0, 15939.0, 16767.0, 16560.0, 16560.0, 16560.0, 16353.0, 16093.0, 15675.0, 15675.0, 15675.0, 15675.0, 15600.0, 15675.0, 15675.0, 14976.0, 14904.0, 14283.0, 13936.0, 12710.0, 13802.0, 12978.0, 13455.0, 13936.0, 13936.0, 13869.0, 15600.0, 16302.0, 17010.0, 17596.0, 16800.0, 16536.0, 17808.0, 18785.0, 19624.0, 19140.0, 18576.0, 18966.0, 20855.0, 21412.0, 21836.0, 22365.0, 21836.0, 21624.0, 21624.0, 21917.0, 20776.0, 22077.0, 21952.0, 20286.0, 21730.0, 22236.0, 23052.0, 23256.0, 22826.0, 22600.0, 22512.0, 22533.0, 22890.0, 21728.0, 21825.0, 22725.0, 23415.0, 23968.0, 23762.0, 22248.0, 22330.0, 22220.0, 23976.0, 21730.0, 20703.0, 20100.0, 20384.0, 20400.0, 22176.0, 22019.0, 21243.0, 22050.0, 22572.0, 22671.0, 22442.0, 22442.0, 22344.0, 22116.0, 22344.0, 22700.0, 22300.0, 22572.0, 22572.0, 22572.0, 23940.0, 23608.0, 23154.0, 23484.0, 24624.0, 24634.0, 25086.0, 24075.0, 23504.0, 23296.0, 23192.0, 23205.0, 24075.0, 22042.0, 20200.0, 20000.0, 17424.0, 19600.0, 20200.0, 20400.0, 22330.0, 23432.0, 23482.0, 24477.0, 25212.0, 25380.0, 24156.0, 24206.0, 22144.0, 22225.0, 22317.0, 22575.0, 22490.0, 22490.0, 22663.0, 22876.0, 24220.0, 24596.0]"
2026-09-09 19:09:40,2026-09-09,cam_64,22,103,8.23,3.36,/home/ashutosh_sharma/sleep-detection/cam_64/2026-09-09/tracked_persons/cam_64_CROP_id22_2026-09-09_19-09-40.jpg,/home/ashutosh_sharma/sleep-detection/cam_64/2026-09-09/tracked_persons/cam_64_FULL_id22_2026-09-09_19-09-40.jpg,"[1.65234375, 2.87109375, 3.970703125, 5.62890625, 7.240234375, 9.5087890625, 11.41796875, 3.306640625, 4.7900390625, 6.052734375, 8.1123046875, 9.1708984375, 10.021484375, 3.8173828125, 5.9189453125, 6.9814453125, 8.0146484375, 8.4697265625, 8.7158203125, 8.9052734375, 8.962890625, 8.7392578125, 8.759765625, 9.439453125, 9.7548828125, 9.7578125, 10.7177734375, 2.962890625, 4.6337890625, 5.7236328125, 7.267578125, 8.22265625, 10.28515625, 5.1982421875, 9.3974609375, 13.4140625, 8.345703125, 11.7724609375, 7.4501953125, 9.9404296875, 12.73046875, 6.58203125, 9.404296875, 12.3984375, 5.0078125, 6.3330078125, 7.796875, 8.712890625, 9.4365234375, 10.763671875, 3.5703125, 6.0087890625, 8.1416015625, 10.212890625, 5.3232421875, 8.2646484375, 11.671875, 5.61328125, 6.9599609375, 8.6044921875, 9.80078125, 10.419921875, 5.7333984375, 7.8369140625, 9.46875, 11.2373046875, 5.80859375, 9.734375, 11.8212890625, 6.056640625, 9.74609375, 11.890625, 5.810546875, 9.037109375, 13.03515625, 6.9970703125, 8.78125, 10.943359375, 6.470703125, 9.525390625, 11.595703125, 5.685546875, 8.9306640625, 10.65234375, 5.072265625, 7.3330078125, 9.50390625, 12.2333984375, 5.8203125, 8.9404296875, 11.728515625, 6.0068359375, 9.78515625, 11.5634765625, 5.4658203125, 7.8984375, 10.0673828125, 4.798828125, 7.33203125, 10.7353515625, 27.623046875, 0.0, 0.0]","[119561.0, 121950.0, 121950.0, 123576.0, 125433.0, 125976.0, 122400.0, 107365.0, 112476.0, 106118.0, 108455.0, 110635.0, 114240.0, 112608.0, 113152.0, 113152.0, 114784.0, 122625.0, 125895.0, 115116.0, 137922.0, 116416.0, 113696.0, 112064.0, 111520.0, 110432.0, 110229.0, 110026.0, 109143.0, 109282.0, 108540.0, 108540.0, 108741.0, 108942.0, 109143.0, 110635.0, 113506.0, 121052.0, 125487.0, 131330.0, 135422.0, 138915.0, 140934.0, 142066.0, 143764.0, 143198.0, 143510.0, 144330.0, 143451.0, 145770.0, 146594.0, 145719.0, 144896.0, 144585.0, 139482.0, 135422.0, 133146.0, 133245.0, 133245.0, 135513.0, 140049.0, 145719.0, 149078.0, 148816.0, 145770.0, 143510.0, 130515.0, 123735.0, 117369.0, 117626.0, 121380.0, 124392.0, 128772.0, 137344.0, 140658.0, 138762.0, 139593.0, 137945.0, 136890.0, 134550.0, 134423.0, 134520.0, 134157.0, 144448.0, 160432.0, 168720.0, 170208.0, 169643.0, 169056.0, 165534.0, 157950.0, 152746.0, 149504.0, 144584.0, 139057.0, 135228.0, 132825.0, 128700.0, 128671.0, 144448.0, 161343.0, 163392.0, 162800.0]"
2026-09-09 19:10:40,2026-09-09,cam_38,37,118,11.43,3.89,/home/ashutosh_sharma/sleep-detection/cam_38/2026-09-09/tracked_persons/cam_38_CROP_id37_2026-09-09_19-10-40.jpg,/home/ashutosh_sharma/sleep-detection/cam_38/2026-09-09/tracked_persons/cam_38_FULL_id37_2026-09-09_19-10-40.jpg,"[7.6162109375, 9.5927734375, 10.9580078125, 4.681640625, 9.369140625, 10.74609375, 3.9345703125, 6.470703125, 10.921875, 5.1630859375, 9.296875, 12.64453125, 9.0908203125, 11.1162109375, 6.4150390625, 9.943359375, 13.6025390625, 5.9091796875, 9.28515625, 11.787109375, 9.669921875, 12.0283203125, 6.0947265625, 9.4462890625, 13.654296875, 7.1611328125, 11.1259765625, 6.9228515625, 11.0078125, 4.4833984375, 6.8056640625, 8.9833984375, 13.8515625, 5.59375, 9.7041015625, 12.0908203125, 12.814453125, 9.42578125, 14.240234375, 11.158203125, 17.3193359375, 13.5380859375, 12.7470703125, 13.52734375, 19.2431640625, 13.0830078125, 13.5771484375, 12.146484375, 19.70703125, 11.892578125, 12.732421875, 12.548828125, 16.8173828125, 9.390625, 14.4443359375, 8.8017578125, 19.6552734375, 9.884765625, 16.994140625, 11.88671875, 19.998046875, 12.732421875, 13.0400390625, 13.826171875, 21.3623046875, 14.84375, 15.064453125, 14.4501953125, 19.8525390625, 12.044921875, 11.2314453125, 11.41015625, 16.9169921875, 9.103515625, 13.5224609375, 8.14453125, 15.44140625, 7.01953125, 11.8056640625, 7.7626953125, 13.62890625, 7.33984375, 10.45703125, 6.9189453125, 11.875, 5.376953125, 9.130859375, 11.5009765625, 8.4599609375, 11.109375, 4.1123046875, 6.716796875, 10.4404296875, 5.2783203125, 9.1181640625, 12.482421875, 13.12890625, 7.9482421875, 14.337890625, 9.9169921875, 19.9775390625, 8.912109375, 14.4404296875, 11.1904296875, 20.4921875, 11.6943359375, 10.0849609375, 9.3408203125, 18.3828125, 9.5517578125, 15.0693359375, 7.8671875, 15.056640625, 8.6337890625, 13.908203125, 9.2587890625, 18.55859375, 12.59375]","[5704.0, 5625.0, 5625.0, 5715.0, 5875.0, 5952.0, 5978.0, 5640.0, 5566.0, 5687.0, 6273.0, 11340.0, 12600.0, 12506.0, 12410.0, 12240.0, 11591.0, 11180.0, 10836.0, 10602.0, 10089.0, 10260.0, 9918.0, 9804.0, 10680.0, 10560.0, 11529.0, 11466.0, 11960.0, 12328.0, 12950.0, 13320.0, 13248.0, 12993.0, 13176.0, 13032.0, 12960.0, 13320.0, 13756.0, 13832.0, 13505.0, 13320.0, 12765.0, 12462.0, 12328.0, 12810.0, 14245.0, 14852.0, 15132.0, 15246.0, 15048.0, 14925.0, 14256.0, 13916.0, 13790.0, 13328.0, 12672.0, 12804.0, 12998.0, 13260.0, 13124.0, 13199.0, 13398.0, 12789.0, 12028.0, 11780.0, 11712.0, 12672.0, 12672.0, 12224.0, 9295.0, 9179.0, 9112.0, 8646.0, 8844.0, 8704.0, 7995.0, 7623.0, 7200.0, 7139.0, 6480.0, 6360.0, 5550.0, 5400.0, 4922.0, 4708.0, 4444.0, 4356.0, 4554.0, 4559.0, 4608.0, 4416.0, 4365.0, 4410.0, 4128.0, 4171.0, 4257.0, 4508.0, 4312.0, 5050.0, 5880.0, 6360.0, 4601.0, 4536.0, 4704.0, 5280.0, 5969.0, 6192.0, 6500.0, 6490.0, 7257.0, 7625.0, 7198.0, 6758.0, 6678.0, 6912.0, 7194.0, 7800.0]"
2026-09-09 19:11:07,2026-09-09,cam_64,61,53,11.09,4.34,/home/ashutosh_sharma/sleep-detection/cam_64/2026-09-09/tracked_persons/cam_64_CROP_id61_2026-09-09_19-11-07.jpg,/home/ashutosh_sharma/sleep-detection/cam_64/2026-09-09/tracked_persons/cam_64_FULL_id61_2026-09-09_19-11-07.jpg,"[14.3662109375, 12.697265625, 11.5146484375, 12.841796875, 12.6142578125, 11.9091796875, 11.92578125, 11.9423828125, 11.9267578125, 12.1123046875, 12.2421875, 12.794921875, 13.9072265625, 14.203125, 13.919921875, 12.962890625, 12.451171875, 11.8623046875, 11.884765625, 11.33203125, 9.91796875, 15.4453125, 9.890625, 15.90625, 9.1591796875, 13.2080078125, 6.2451171875, 9.923828125, 11.546875, 5.0458984375, 8.3515625, 11.7412109375, 7.4580078125, 12.4345703125, 8.5810546875, 14.134765625, 12.7392578125, 34.21875, 3.5419921875, 5.0693359375, 6.26953125, 7.5517578125, 9.7802734375, 11.5966796875, 4.2177734375, 8.0224609375, 9.92578125, 10.9541015625, 5.078125, 8.25390625, 10.69921875, 7.25390625, 12.13671875]","[174150.0, 174460.0, 174609.0, 178756.0, 187040.0, 196017.0, 199864.0, 190740.0, 178754.0, 160528.0, 146792.0, 136357.0, 133198.0, 134088.0, 134848.0, 136052.0, 138460.0, 142800.0, 149544.0, 154971.0, 155170.0, 155496.0, 156024.0, 157365.0, 160050.0, 160356.0, 159978.0, 156289.0, 155440.0, 153120.0, 149124.0, 152375.0, 155554.0, 152684.0, 150075.0, 151119.0, 153384.0, 132305.0, 131924.0, 134552.0, 135730.0, 137085.0, 138500.0, 139054.0, 138803.0, 139054.0, 138803.0, 137697.0, 135975.0, 132406.0, 128849.0, 127974.0, 126212.0]"
2026-09-09 19:11:25,2026-09-09,cam_64,23,96,7.89,4.29,/home/ashutosh_sharma/sleep-detection/cam_64/2026-09-09/tracked_persons/cam_64_CROP_id23_2026-09-09_19-11-25.jpg,/home/ashutosh_sharma/sleep-detection/cam_64/2026-09-09/tracked_persons/cam_64_FULL_id23_2026-09-09_19-11-25.jpg,"[3.6943359375, 5.720703125, 7.755859375, 8.62109375, 9.326171875, 10.3974609375, 4.6494140625, 6.357421875, 7.6611328125, 9.189453125, 9.896484375, 10.2578125, 4.017578125, 5.7060546875, 7.7900390625, 9.6259765625, 10.8310546875, 4.1455078125, 6.5693359375, 8.8955078125, 11.1044921875, 6.291015625, 11.05859375, 7.9091796875, 30.8603515625, 3.814453125, 5.939453125, 7.796875, 9.3583984375, 10.55078125, 3.4150390625, 5.3818359375, 6.94140625, 8.720703125, 9.7216796875, 11.2568359375, 3.4873046875, 5.1533203125, 6.380859375, 8.205078125, 9.599609375, 11.0244140625, 3.0810546875, 4.9072265625, 6.7509765625, 8.2197265625, 9.5517578125, 10.5263671875, 2.8876953125, 4.2138671875, 6.244140625, 7.7216796875, 9.16796875, 10.619140625, 3.9755859375, 6.6943359375, 8.97265625, 10.478515625, 4.0087890625, 6.939453125, 8.9130859375, 10.248046875, 4.623046875, 7.587890625, 9.19140625, 32.3466796875, 4.5361328125, 7.5126953125, 9.66796875, 10.88671875, 4.7255859375, 8.0712890625, 9.7783203125, 11.1591796875, 3.560546875, 6.12109375, 7.896484375, 9.2509765625, 10.4013671875, 3.775390625, 6.5712890625, 8.5615234375, 9.9931640625, 11.0791015625, 3.62890625, 5.87890625, 7.107421875, 8.63671875, 9.9033203125, 11.0537109375, 1.89453125, 3.197265625, 4.0830078125, 4.708984375, 5.0146484375, 5.4375]","[21670.0, 29916.0, 31937.0, 31752.0, 32046.0, 32230.0, 31790.0, 31428.0, 29505.0, 29574.0, 28288.0, 28462.0, 30672.0, 30996.0, 31058.0, 30564.0, 29044.0, 29700.0, 29211.0, 30132.0, 31174.0, 32560.0, 32450.0, 32340.0, 36408.0, 37125.0, 38610.0, 39204.0, 38350.0, 38350.0, 39396.0, 40710.0, 41020.0, 40434.0, 41020.0, 39262.0, 38121.0, 37248.0, 36830.0, 36414.0, 35547.0, 35258.0, 34338.0, 32368.0, 32368.0, 31790.0, 31570.0, 31857.0, 32144.0, 32775.0, 33345.0, 33630.0, 33796.0, 34526.0, 34282.0, 34720.0, 34596.0, 34472.0, 33759.0, 32315.0, 30956.0, 30528.0, 30528.0, 31212.0, 30281.0, 31644.0, 28200.0, 29898.0, 32724.0, 34013.0, 35581.0, 36952.0, 38571.0, 38313.0, 38610.0, 37125.0, 36234.0, 35937.0, 36531.0, 35462.0, 35282.0, 35760.0, 35164.0, 36356.0, 36356.0, 36952.0, 36952.0, 36952.0, 36777.0, 37076.0, 37674.0, 37674.0, 37375.0, 37076.0, 36478.0, 36058.0]"
2026-09-09 19:11:43,2026-09-09,cam_38,37,64,11.14,3.34,/home/ashutosh_sharma/sleep-detection/cam_38/2026-09-09/tracked_persons/cam_38_CROP_id37_2026-09-09_19-11-43.jpg,/home/ashutosh_sharma/sleep-detection/cam_38/2026-09-09/tracked_persons/cam_38_FULL_id37_2026-09-09_19-11-43.jpg,"[12.4267578125, 6.1162109375, 9.2177734375, 10.8408203125, 7.2001953125, 8.9853515625, 10.84765625, 5.5419921875, 14.0078125, 10.619140625, 13.16796875, 16.0439453125, 20.2705078125, 13.1015625, 12.0693359375, 11.767578125, 18.154296875, 8.9453125, 13.8671875, 6.822265625, 17.23046875, 9.4267578125, 14.7626953125, 9.8408203125, 18.2373046875, 9.89453125, 15.2060546875, 8.3525390625, 17.65625, 10.3056640625, 10.8828125, 11.5546875, 15.87890625, 13.5634765625, 12.451171875, 12.0478515625, 14.91015625, 9.455078125, 12.65234375, 8.84375, 14.8193359375, 7.17578125, 11.5576171875, 6.59375, 12.4853515625, 6.3662109375, 10.08984375, 7.3603515625, 13.775390625, 7.59765625, 11.3564453125, 6.9052734375, 12.1376953125, 6.79296875, 9.7607421875, 11.7783203125, 8.4921875, 9.4521484375, 9.6552734375, 10.01953125, 9.1396484375, 11.03515625, 6.384765625, 8.876953125]","[13132.0, 13600.0, 13593.0, 13987.0, 13896.0, 13248.0, 12638.0, 12420.0, 10230.0, 9664.0, 9165.0, 9088.0, 8184.0, 8253.0, 8128.0, 7296.0, 7370.0, 7504.0, 7888.0, 8160.0, 8364.0, 8184.0, 8255.0, 8448.0, 8768.0, 9024.0, 8784.0, 8820.0, 8550.0, 8262.0, 8476.0, 8580.0, 7728.0, 7752.0, 7752.0, 7535.0, 7728.0, 7239.0, 7564.0, 7502.0, 8000.0, 8976.0, 10184.0, 10676.0, 10368.0, 10168.0, 9405.0, 8745.0, 7872.0, 7776.0, 7824.0, 8476.0, 9120.0, 9796.0, 10519.0, 10744.0, 10184.0, 7236.0, 6370.0, 5720.0, 5547.0, 5588.0, 6604.0, 7740.0]"
2026-09-09 19:12:07,2026-09-09,cam_39,67,53,6.96,3.21,/home/ashutosh_sharma/sleep-detection/cam_39/2026-09-09/tracked_persons/cam_39_CROP_id67_2026-09-09_19-12-07.jpg,/home/ashutosh_sharma/sleep-detection/cam_39/2026-09-09/tracked_persons/cam_39_FULL_id67_2026-09-09_19-12-07.jpg,"[1.2451171875, 2.4375, 2.984375, 3.736328125, 5.18359375, 6.0087890625, 6.21484375, 6.7421875, 6.748046875, 7.212890625, 7.5712890625, 7.44140625, 7.2412109375, 7.0947265625, 7.0439453125, 7.0810546875, 6.884765625, 6.8125, 7.025390625, 7.30078125, 7.443359375, 7.5166015625, 7.5654296875, 7.35546875, 7.3349609375, 7.2138671875, 7.2919921875, 7.40234375, 7.63671875, 7.66796875, 15.158203125, 24.1806640625, 1.1533203125, 2.3369140625, 3.189453125, 3.8427734375, 4.83203125, 5.74609375, 6.400390625, 6.8662109375, 7.150390625, 7.4873046875, 7.5947265625, 7.5869140625, 7.419921875, 7.6435546875, 7.99609375, 8.0771484375, 7.76953125, 7.7529296875, 7.9990234375, 8.0771484375, 8.2138671875]","[21054.0, 21054.0, 21054.0, 21054.0, 21054.0, 21054.0, 21054.0, 21054.0, 21054.0, 21054.0, 21402.0, 21648.0, 21771.0, 21894.0, 21716.0, 21417.0, 21417.0, 21417.0, 21894.0, 21894.0, 21894.0, 21771.0, 21771.0, 21716.0, 21659.0, 21659.0, 21659.0, 21659.0, 21538.0, 21538.0, 19942.0, 19836.0, 19662.0, 19662.0, 19775.0, 20001.0, 19549.0, 19436.0, 18981.0, 18981.0, 19040.0, 19494.0, 19152.0, 19320.0, 19140.0, 19320.0, 19604.0, 19890.0, 20241.0, 20178.0, 19656.0, 19773.0, 20124.0]"
2026-09-09 19:12:10,2026-09-09,cam_38,14,160,8.46,2.69,/home/ashutosh_sharma/sleep-detection/cam_38/2026-09-09/tracked_persons/cam_38_CROP_id14_2026-09-09_19-12-10.jpg,/home/ashutosh_sharma/sleep-detection/cam_38/2026-09-09/tracked_persons/cam_38_FULL_id14_2026-09-09_19-12-10.jpg,"[5.7509765625, 7.576171875, 9.931640625, 12.1123046875, 8.5751953125, 10.974609375, 5.3310546875, 8.4091796875, 12.705078125, 4.8623046875, 7.4912109375, 9.419921875, 12.1484375, 4.802734375, 8.22265625, 10.302734375, 6.3349609375, 7.9169921875, 9.6337890625, 10.7138671875, 7.0732421875, 8.5693359375, 9.9404296875, 11.1865234375, 5.572265625, 6.7607421875, 8.3154296875, 8.8662109375, 9.9658203125, 10.8505859375, 3.8759765625, 5.9482421875, 7.72265625, 9.5849609375, 10.388671875, 3.7861328125, 7.166015625, 8.6826171875, 9.8486328125, 10.9248046875, 6.7109375, 8.912109375, 10.1328125, 3.6171875, 8.5947265625, 9.326171875, 10.3955078125, 2.7763671875, 5.8837890625, 7.0078125, 8.029296875, 8.8603515625, 10.109375, 3.564453125, 6.052734375, 7.1748046875, 9.548828125, 10.7998046875, 3.814453125, 5.8271484375, 7.7705078125, 8.4541015625, 9.2958984375, 10.330078125, 4.8310546875, 5.5244140625, 6.591796875, 7.8193359375, 9.8349609375, 11.1748046875, 4.43359375, 7.1455078125, 11.2236328125, 4.6103515625, 6.7919921875, 8.9697265625, 13.7099609375, 6.1279296875, 8.7265625, 10.8896484375, 8.6328125, 10.9521484375, 5.7109375, 8.7080078125, 13.8330078125, 5.0595703125, 7.8984375, 10.1943359375, 7.8828125, 10.744140625, 5.6943359375, 9.5849609375, 14.021484375, 6.1162109375, 9.3037109375, 10.884765625, 9.2578125, 11.9912109375, 5.5263671875, 8.78125, 12.56640625, 5.34765625, 7.3408203125, 8.5712890625, 11.6953125, 4.86328125, 7.66015625, 10.5478515625, 9.2822265625, 13.0625, 6.8515625, 11.115234375, 12.865234375, 7.486328125, 12.3583984375, 7.8134765625, 16.9794921875, 9.44140625, 13.9345703125, 7.6826171875, 14.0146484375, 6.615234375, 9.169921875, 10.6875, 6.1787109375, 8.1298828125, 9.4609375, 10.6455078125, 6.66796875, 8.9140625, 10.9462890625, 5.1708984375, 9.6748046875, 11.3515625, 3.80859375, 5.8642578125, 10.3720703125, 4.9970703125, 7.533203125, 9.5576171875, 12.4248046875, 3.9296875, 6.1240234375, 7.4560546875, 9.1591796875, 9.55859375, 10.3740234375, 2.0810546875, 5.1083984375, 6.7978515625, 7.9306640625, 8.978515625, 10.5595703125, 3.21875, 5.3583984375, 7.783203125, 12.6640625, 5.1943359375, 9.34765625, 12.0693359375]","[20740.0, 21204.0, 20984.0, 22144.0, 22532.0, 24360.0, 25200.0, 25375.0, 22704.0, 23496.0, 21948.0, 22352.0, 24288.0, 20832.0, 18900.0, 22774.0, 25074.0, 26462.0, 21315.0, 19488.0, 20500.0, 22533.0, 25856.0, 29435.0, 29232.0, 28905.0, 28085.0, 27674.0, 28623.0, 28482.0, 28684.0, 28420.0, 26520.0, 25375.0, 24805.0, 25338.0, 26082.0, 25375.0, 25296.0, 25544.0, 24480.0, 24240.0, 25250.0, 24644.0, 24400.0, 25400.0, 25929.0, 25400.0, 24321.0, 25856.0, 27068.0, 24038.0, 21200.0, 20196.0, 19206.0, 18200.0, 17400.0, 17487.0, 17487.0, 17487.0, 17776.0, 18382.0, 18584.0, 18988.0, 17574.0, 16849.0, 16240.0, 16037.0, 15504.0, 15732.0, 18972.0, 16146.0, 16432.0, 16640.0, 16116.0, 16605.0, 19313.0, 19964.0, 19780.0, 20520.0, 21939.0, 20235.0, 20467.0, 20889.0, 22260.0, 22680.0, 23210.0, 23956.0, 24592.0, 23326.0, 22145.0, 23650.0, 23326.0, 23976.0, 22248.0, 21816.0, 20805.0, 20332.0, 20332.0, 20020.0, 20460.0, 20710.0, 20928.0, 21364.0, 21917.0, 22134.0, 22454.0, 22672.0, 23320.0, 23205.0, 23638.0, 24634.0, 23205.0, 23214.0, 24080.0, 24150.0, 25452.0, 25800.0, 25472.0, 25344.0, 25671.0, 25545.0, 25920.0, 24738.0, 23449.0, 23010.0, 23010.0, 23450.0, 22794.0, 22572.0, 23153.0, 22712.0, 21945.0, 23100.0, 22275.0, 22078.0, 21190.0, 20412.0, 20160.0, 20224.0, 19685.0, 19125.0, 20961.0, 21267.0, 21128.0, 21140.0, 21406.0, 21560.0, 20790.0, 19500.0, 19188.0, 19939.0, 20193.0, 19716.0, 19360.0, 19602.0, 20460.0, 21042.0, 20280.0, 18984.0]"
2026-09-09 19:12:10,2026-09-09,cam_38,64,95,8.01,2.84,/home/ashutosh_sharma/sleep-detection/cam_38/2026-09-09/tracked_persons/cam_38_CROP_id64_2026-09-09_19-12-10.jpg,/home/ashutosh_sharma/sleep-detection/cam_38/2026-09-09/tracked_persons/cam_38_FULL_id64_2026-09-09_19-12-10.jpg,"[2.15625, 3.953125, 5.8486328125, 8.4375, 9.2109375, 9.8466796875, 10.2890625, 4.6005859375, 6.0859375, 7.7451171875, 9.07421875, 11.71484375, 4.5205078125, 7.2880859375, 9.669921875, 12.6376953125, 3.9697265625, 6.1875, 7.8701171875, 11.716796875, 4.4267578125, 6.3681640625, 7.99609375, 10.6279296875, 4.8349609375, 6.9619140625, 8.5, 10.1083984375, 2.548828125, 6.12890625, 7.1123046875, 9.201171875, 10.828125, 4.09375, 6.2958984375, 10.4375, 3.48046875, 5.3623046875, 6.9189453125, 9.873046875, 10.953125, 4.42578125, 7.943359375, 13.013671875, 7.87890625, 12.4541015625, 7.845703125, 13.9150390625, 6.048828125, 10.61328125, 7.912109375, 15.2509765625, 7.310546875, 11.5029296875, 6.134765625, 11.0546875, 4.6904296875, 6.39453125, 7.47265625, 8.958984375, 9.177734375, 9.41015625, 9.7578125, 9.982421875, 10.5146484375, 3.4609375, 5.6435546875, 8.3740234375, 9.779296875, 11.158203125, 3.814453125, 8.7705078125, 10.525390625, 4.2333984375, 6.345703125, 9.0634765625, 10.3330078125, 3.337890625, 5.474609375, 9.0927734375, 9.9326171875, 10.3076171875, 1.80078125, 4.751953125, 5.8095703125, 6.97265625, 7.701171875, 8.548828125, 8.9970703125, 9.21484375, 8.92578125, 9.1708984375, 9.244140625, 9.3798828125, 15.361328125]","[10325.0, 10443.0, 10620.0, 9845.0, 10561.0, 10443.0, 10620.0, 10443.0, 9625.0, 9275.0, 9100.0, 10675.0, 11245.0, 11591.0, 12283.0, 13272.0, 14362.0, 15088.0, 15159.0, 15520.0, 15617.0, 15617.0, 15485.0, 15288.0, 14620.0, 15561.0, 15743.0, 14700.0, 14784.0, 14700.0, 14875.0, 16100.0, 16530.0, 17052.0, 17400.0, 17922.0, 18096.0, 18550.0, 18832.0, 18939.0, 18200.0, 18231.0, 18281.0, 19493.0, 19074.0, 22372.0, 23188.0, 25460.0, 26304.0, 25270.0, 24130.0, 21546.0, 19822.0, 18216.0, 19000.0, 17484.0, 16074.0, 15698.0, 15960.0, 16296.0, 15960.0, 15510.0, 14924.0, 13932.0, 13770.0, 10833.0, 10362.0, 13202.0, 14104.0, 14872.0, 14964.0, 16020.0, 17296.0, 17672.0, 14308.0, 12805.0, 12474.0, 12090.0, 12276.0, 12028.0, 11966.0, 12870.0, 13524.0, 13860.0, 15200.0, 13869.0, 13736.0, 12663.0, 12400.0, 12928.0, 12200.0, 12524.0, 12060.0, 12276.0, 12000.0]"
2026-09-09 19:12:35,2026-09-09,cam_03,3,376,6.89,4.48,/home/ashutosh_sharma/sleep-detection/cam_03/2026-09-09/tracked_persons/cam_03_CROP_id3_2026-09-09_19-12-35.jpg,/home/ashutosh_sharma/sleep-detection/cam_03/2026-09-09/tracked_persons/cam_03_FULL_id3_2026-09-09_19-12-35.jpg,"[4.859375, 7.40234375, 9.810546875, 12.2587890625, 6.251953125, 8.84765625, 10.5986328125, 5.0634765625, 7.5498046875, 10.5078125, 7.01171875, 10.1787109375, 6.53515625, 11.5439453125, 9.5107421875, 14.724609375, 7.5380859375, 11.462890625, 31.0009765625, 0.9638671875, 1.626953125, 2.298828125, 3.1015625, 3.970703125, 5.1181640625, 5.736328125, 6.8603515625, 8.037109375, 9.28125, 9.7705078125, 10.470703125, 1.4833984375, 2.3232421875, 3.1318359375, 3.7626953125, 4.2470703125, 5.048828125, 5.501953125, 5.810546875, 6.1025390625, 6.3603515625, 6.4404296875, 6.794921875, 6.8115234375, 6.8056640625, 6.947265625, 7.107421875, 7.193359375, 7.220703125, 7.490234375, 7.466796875, 7.1044921875, 7.3076171875, 7.3994140625, 7.5849609375, 7.7138671875, 7.7529296875, 7.7138671875, 7.904296875, 7.9345703125, 8.0146484375, 8.19140625, 8.376953125, 8.51953125, 8.552734375, 8.625, 8.5244140625, 8.6162109375, 8.7255859375, 8.7509765625, 8.6962890625, 8.740234375, 8.6484375, 8.654296875, 8.673828125, 8.673828125, 14.6650390625, 2.80859375, 4.419921875, 5.5859375, 6.6279296875, 7.322265625, 7.767578125, 8.22265625, 8.7890625, 9.09375, 9.5888671875, 9.791015625, 10.015625, 0.33984375, 0.775390625, 1.39453125, 2.04296875, 2.498046875, 2.9287109375, 3.50390625, 3.75, 3.9462890625, 4.16796875, 4.232421875, 4.4384765625, 4.556640625, 4.595703125, 22.2958984375, 5.8974609375, 9.1689453125, 11.3271484375, 6.8388671875, 10.1640625, 6.4150390625, 10.79296875, 6.45703125, 10.4140625, 7.2822265625, 10.48828125, 27.095703125, 1.24609375, 2.0576171875, 2.7265625, 3.2607421875, 3.740234375, 4.17578125, 4.2177734375, 4.6103515625, 4.94921875, 5.0712890625, 5.1181640625, 5.09375, 4.978515625, 5.0234375, 5.140625, 5.294921875, 5.41796875, 5.736328125, 5.5830078125, 6.001953125, 5.822265625, 6.0087890625, 6.0927734375, 6.0029296875, 6.2529296875, 6.6826171875, 6.88671875, 6.517578125, 6.5927734375, 6.75390625, 6.8642578125, 6.9873046875, 7.888671875, 25.5224609375, 1.3662109375, 2.640625, 3.482421875, 4.67578125, 5.6376953125, 5.984375, 6.5126953125, 6.8583984375, 7.4541015625, 7.71875, 7.9287109375, 8.162109375, 8.521484375, 8.9091796875, 8.9970703125, 9.509765625, 9.6142578125, 34.38671875, 5.27734375, 35.85546875, 0.193359375, 0.5107421875, 0.8017578125, 1.1376953125, 1.654296875, 1.8359375, 2.17578125, 2.3623046875, 2.5810546875, 2.7275390625, 3.0244140625, 3.4521484375, 14.8837890625, 37.7587890625, 0.45703125, 1.2939453125, 1.77734375, 2.25390625, 2.87890625, 3.9951171875, 4.666015625, 5.2646484375, 5.7900390625, 6.4140625, 7.7138671875, 7.814453125, 7.9638671875, 8.40625, 8.8671875, 9.01953125, 9.271484375, 9.4755859375, 9.5771484375, 9.7802734375, 10.0068359375, 1.017578125, 2.05078125, 2.6689453125, 3.6298828125, 4.3203125, 4.6298828125, 5.1005859375, 5.4404296875, 5.3515625, 5.69140625, 6.025390625, 6.052734375, 6.0087890625, 6.3740234375, 6.7685546875, 6.9345703125, 6.7998046875, 12.7568359375, 1.6123046875, 2.78125, 3.568359375, 4.2939453125, 4.927734375, 5.5966796875, 5.8935546875, 6.07421875, 6.05078125, 6.017578125, 6.083984375, 6.0556640625, 6.2109375, 6.32421875, 6.36328125, 6.375, 6.482421875, 6.6201171875, 6.6923828125, 6.669921875, 6.7666015625, 6.6923828125, 6.625, 6.5986328125, 6.5087890625, 6.4765625, 6.3125, 6.1328125, 6.0322265625, 5.99609375, 5.943359375, 5.84765625, 5.7021484375, 5.708984375, 5.7099609375, 5.7001953125, 5.640625, 5.609375, 5.607421875, 5.689453125, 5.8154296875, 5.8642578125, 5.8515625, 5.8984375, 5.9560546875, 6.369140625, 6.4580078125, 6.6630859375, 7.6279296875, 13.6708984375, 0.14453125, 0.3564453125, 0.65625, 1.07421875, 2.013671875, 3.8017578125, 6.2880859375, 9.724609375, 13.2529296875, 7.7314453125, 12.3779296875, 8.4423828125, 11.970703125, 9.224609375, 12.16015625, 9.2099609375, 12.4521484375, 9.115234375, 12.9599609375, 9.1728515625, 12.009765625, 6.359375, 9.4228515625, 10.3525390625, 3.8896484375, 6.8291015625, 9.4619140625, 11.80859375, 6.5830078125, 9.271484375, 10.7880859375, 3.87890625, 5.8662109375, 8.2392578125, 10.298828125, 3.7353515625, 5.4326171875, 7.0556640625, 8.3994140625, 9.3505859375, 10.3466796875, 2.5849609375, 4.41796875, 6.326171875, 7.4462890625, 8.46484375, 9.4228515625, 10.2333984375, 2.1650390625, 5.310546875, 6.2080078125, 6.7763671875, 7.5341796875, 8.466796875, 9.2392578125, 9.7890625, 10.22265625, 1.8056640625, 2.8828125, 3.5966796875, 4.02734375, 4.306640625, 4.421875, 4.7197265625, 4.927734375, 5.0439453125, 5.1943359375, 5.3046875, 5.3173828125, 5.3671875, 5.2880859375, 5.5400390625, 5.9609375, 6.3349609375, 6.5615234375, 6.830078125, 7.1396484375, 7.353515625, 7.5107421875, 7.6787109375, 7.7353515625, 7.6611328125, 7.703125, 7.7490234375, 7.7001953125, 7.8193359375, 7.859375, 7.841796875, 7.8173828125, 29.8408203125, 1.4189453125, 2.4208984375, 3.373046875, 3.818359375, 4.291015625, 4.76171875, 5.033203125, 5.2861328125, 5.6376953125, 6.009765625, 6.1884765625, 6.4453125, 6.546875]","[295372.0, 301337.0, 305184.0, 301930.0, 297540.0, 318528.0, 304132.0, 306350.0, 305805.0, 303050.0, 298116.0, 299754.0, 302496.0, 301944.0, 298632.0, 304140.0, 303600.0, 325008.0, 223254.0, 215271.0, 215280.0, 214802.0, 214802.0, 215280.0, 217610.0, 217120.0, 217107.0, 217107.0, 216618.0, 218943.0, 218466.0, 219402.0, 221314.0, 221314.0, 221314.0, 222735.0, 221741.0, 221741.0, 222202.0, 222703.0, 223648.0, 223648.0, 222684.0, 222684.0, 223166.0, 223166.0, 223648.0, 222202.0, 221741.0, 221741.0, 221741.0, 222202.0, 221280.0, 220358.0, 219402.0, 220851.0, 220851.0, 218008.0, 218484.0, 219436.0, 218484.0, 218960.0, 218008.0, 217075.0, 218025.0, 218025.0, 217566.0, 217566.0, 218514.0, 218514.0, 220875.0, 220864.0, 220388.0, 220388.0, 220388.0, 220388.0, 217592.0, 215748.0, 213900.0, 213894.0, 215287.0, 215295.0, 215295.0, 213906.0, 214368.0, 214830.0, 214830.0, 216209.0, 216670.0, 217592.0, 216678.0, 215754.0, 214830.0, 214830.0, 214368.0, 212982.0, 212058.0, 212058.0, 212982.0, 212982.0, 212982.0, 212521.0, 212060.0, 211564.0, 212505.0, 213906.0, 208386.0, 205530.0, 204484.0, 205356.0, 203980.0, 203472.0, 203001.0, 209035.0, 215264.0, 223226.0, 222768.0, 222292.0, 222759.0, 222282.0, 222292.0, 222759.0, 222748.0, 222759.0, 223693.0, 223693.0, 222759.0, 222759.0, 221816.0, 222759.0, 222759.0, 223693.0, 223693.0, 224160.0, 223693.0, 223713.0, 224172.0, 223713.0, 224172.0, 224190.0, 224172.0, 225120.0, 224182.0, 224651.0, 224660.0, 224651.0, 224651.0, 225130.0, 220899.0, 225624.0, 226575.0, 226098.0, 226098.0, 226575.0, 225621.0, 226572.0, 227050.0, 226098.0, 226098.0, 226098.0, 226098.0, 226575.0, 225616.0, 225621.0, 226094.0, 225621.0, 225621.0, 337086.0, 352160.0, 291018.0, 286200.0, 286200.0, 286200.0, 285660.0, 285660.0, 286200.0, 286189.0, 286189.0, 286189.0, 286718.0, 286704.0, 284532.0, 329670.0, 202211.0, 194081.0, 194964.0, 194964.0, 195003.0, 195888.0, 194081.0, 194081.0, 194502.0, 194081.0, 194081.0, 194542.0, 194040.0, 194502.0, 195888.0, 196350.0, 195888.0, 195386.0, 194923.0, 194923.0, 194460.0, 194502.0, 194923.0, 194460.0, 193997.0, 194460.0, 194460.0, 193578.0, 193997.0, 194040.0, 194040.0, 194040.0, 194460.0, 194040.0, 193997.0, 193997.0, 194040.0, 194040.0, 194460.0, 194616.0, 195993.0, 195993.0, 195534.0, 196420.0, 195534.0, 195534.0, 195534.0, 195993.0, 195993.0, 195993.0, 195993.0, 195993.0, 196452.0, 196452.0, 196452.0, 195993.0, 196420.0, 195993.0, 195960.0, 195534.0, 196420.0, 195993.0, 196452.0, 196420.0, 196452.0, 196420.0, 196420.0, 195993.0, 196911.0, 196911.0, 196911.0, 196911.0, 196452.0, 196452.0, 196452.0, 196452.0, 196452.0, 196452.0, 196452.0, 195993.0, 195993.0, 195993.0, 196420.0, 196880.0, 197308.0, 196386.0, 197308.0, 197308.0, 195925.0, 195925.0, 196812.0, 196386.0, 196386.0, 195925.0, 196350.0, 196312.0, 196511.0, 198968.0, 200928.0, 202105.0, 205088.0, 208917.0, 209664.0, 210080.0, 210912.0, 211508.0, 214120.0, 220180.0, 222444.0, 225548.0, 229041.0, 232426.0, 233895.0, 234320.0, 233815.0, 233266.0, 231699.0, 229270.0, 227406.0, 226953.0, 224644.0, 223288.0, 222460.0, 222495.0, 223896.0, 223962.0, 222559.0, 222130.0, 219765.0, 219310.0, 218855.0, 217466.0, 216081.0, 215152.0, 214700.0, 214700.0, 214722.0, 213774.0, 214722.0, 212352.0, 211878.0, 211878.0, 212826.0, 212826.0, 212826.0, 212826.0, 213275.0, 212800.0, 212325.0, 212772.0, 212296.0, 213219.0, 213696.0, 213696.0, 213696.0, 213696.0, 214173.0, 214173.0, 214622.0, 214173.0, 215127.0, 215578.0, 214650.0, 214650.0, 214200.0, 214676.0, 214225.0, 214225.0, 214676.0, 214676.0, 214676.0, 214676.0, 214676.0, 214676.0, 214676.0, 214676.0, 214676.0, 215628.0, 214676.0, 208824.0, 208848.0, 206550.0, 208380.0, 209760.0, 208840.0, 207920.0, 210222.0, 212976.0, 213435.0, 212976.0, 212970.0, 212505.0, 210220.0]"
2026-09-09 19:12:35,2026-09-09,cam_03,5,376,6.61,3.17,/home/ashutosh_sharma/sleep-detection/cam_03/2026-09-09/tracked_persons/cam_03_CROP_id5_2026-09-09_19-12-35.jpg,/home/ashutosh_sharma/sleep-detection/cam_03/2026-09-09/tracked_persons/cam_03_FULL_id5_2026-09-09_19-12-35.jpg,"[0.1630859375, 0.287109375, 0.546875, 0.751953125, 1.1171875, 1.736328125, 1.9208984375, 2.33984375, 2.8115234375, 3.2568359375, 3.6416015625, 4.1201171875, 4.4365234375, 4.6845703125, 5.033203125, 5.1640625, 5.7099609375, 5.8955078125, 10.6875, 0.5927734375, 0.890625, 1.1025390625, 1.4072265625, 1.625, 1.712890625, 2.029296875, 2.1904296875, 2.5185546875, 2.7236328125, 2.994140625, 3.201171875, 3.4638671875, 3.69921875, 3.951171875, 4.234375, 4.544921875, 4.8544921875, 5.119140625, 5.2734375, 5.5009765625, 5.6572265625, 5.88671875, 6.076171875, 6.376953125, 6.7587890625, 7.2080078125, 7.59765625, 8.0087890625, 8.55078125, 8.7138671875, 8.822265625, 8.9033203125, 8.8994140625, 8.8681640625, 8.7138671875, 8.318359375, 7.6806640625, 6.859375, 6.236328125, 5.759765625, 5.28515625, 5.1484375, 5.0185546875, 4.7900390625, 4.755859375, 4.560546875, 4.474609375, 4.44140625, 4.5947265625, 4.6025390625, 4.5439453125, 4.6005859375, 4.5908203125, 4.6259765625, 4.67578125, 4.67578125, 8.642578125, 8.6552734375, 8.724609375, 8.708984375, 8.6767578125, 8.654296875, 8.625, 8.5546875, 8.4833984375, 8.408203125, 8.203125, 8.1064453125, 7.8974609375, 7.6240234375, 7.4580078125, 7.2216796875, 7.154296875, 6.9921875, 6.892578125, 6.9267578125, 6.947265625, 7.0654296875, 7.017578125, 7.0458984375, 7.310546875, 7.466796875, 7.560546875, 18.1865234375, 0.537109375, 1.388671875, 2.193359375, 3.189453125, 3.912109375, 4.4306640625, 4.974609375, 5.2998046875, 5.8076171875, 6.3330078125, 6.767578125, 17.2734375, 4.953125, 7.24609375, 8.4697265625, 9.3271484375, 9.83203125, 9.1650390625, 8.8251953125, 8.255859375, 8.095703125, 8.8056640625, 10.0712890625, 3.953125, 7.3212890625, 8.97265625, 10.0849609375, 3.0888671875, 4.755859375, 5.8916015625, 6.8828125, 8.2470703125, 8.01171875, 9.22265625, 9.94140625, 10.416015625, 2.4462890625, 4.09765625, 5.4990234375, 6.7314453125, 7.7373046875, 8.0791015625, 8.2265625, 8.53125, 21.318359375, 26.404296875, 1.0634765625, 1.8828125, 2.833984375, 3.517578125, 4.310546875, 4.87890625, 5.7705078125, 6.6484375, 7.1787109375, 7.9638671875, 8.5556640625, 9.16796875, 9.455078125, 9.6494140625, 8.9013671875, 8.5458984375, 7.2890625, 12.578125, 0.10546875, 19.7353515625, 0.1611328125, 0.4658203125, 0.779296875, 1.177734375, 1.462890625, 1.830078125, 2.1298828125, 2.4765625, 2.9755859375, 3.189453125, 3.3720703125, 3.529296875, 9.0732421875, 15.6474609375, 0.234375, 0.7958984375, 1.451171875, 1.623046875, 2.0712890625, 2.3701171875, 2.892578125, 3.0966796875, 3.3671875, 3.556640625, 3.720703125, 3.9599609375, 4.09765625, 4.34375, 4.6240234375, 4.806640625, 4.865234375, 4.94921875, 5.203125, 5.2421875, 5.2275390625, 5.2177734375, 5.216796875, 5.197265625, 5.1640625, 5.03515625, 4.9169921875, 4.7529296875, 4.7373046875, 4.546875, 4.423828125, 4.30859375, 4.2744140625, 4.177734375, 4.1357421875, 4.0009765625, 3.9814453125, 3.98046875, 8.3359375, 8.369140625, 8.3759765625, 8.3349609375, 8.2568359375, 8.240234375, 8.2919921875, 8.248046875, 8.1875, 8.1845703125, 8.1611328125, 8.150390625, 8.048828125, 7.9716796875, 7.88671875, 7.7109375, 7.6533203125, 7.6103515625, 7.3056640625, 6.890625, 6.8486328125, 6.8203125, 6.6904296875, 6.6201171875, 6.544921875, 6.517578125, 6.599609375, 6.6171875, 6.8427734375, 6.9423828125, 7.1025390625, 7.3291015625, 7.3271484375, 7.4072265625, 7.4580078125, 7.572265625, 7.623046875, 7.7890625, 7.9033203125, 8.06640625, 8.0673828125, 8.1259765625, 8.107421875, 8.2412109375, 8.392578125, 8.3173828125, 8.2783203125, 8.166015625, 8.23046875, 8.228515625, 8.62109375, 8.5498046875, 8.3330078125, 8.1865234375, 8.03515625, 7.9658203125, 7.9189453125, 7.8818359375, 7.833984375, 7.83984375, 7.912109375, 7.93359375, 8.0009765625, 8.1015625, 8.2666015625, 8.43359375, 8.6025390625, 8.60546875, 8.666015625, 8.8583984375, 8.9130859375, 8.9931640625, 9.072265625, 9.1474609375, 9.1591796875, 9.0498046875, 9.109375, 9.1015625, 9.078125, 9.1103515625, 9.1103515625, 9.1240234375, 9.12890625, 9.080078125, 9.005859375, 8.9736328125, 8.859375, 8.7978515625, 8.634765625, 8.513671875, 8.341796875, 8.271484375, 8.21875, 8.193359375, 8.1455078125, 8.1083984375, 8.1298828125, 8.1611328125, 8.2998046875, 8.3466796875, 8.740234375, 8.787109375, 8.8720703125, 9.0732421875, 9.0859375, 9.1318359375, 9.1435546875, 9.251953125, 9.361328125, 9.43359375, 9.498046875, 9.5234375, 9.55078125, 9.5546875, 9.5224609375, 9.5927734375, 9.640625, 9.638671875, 9.6328125, 9.60546875, 9.552734375, 9.42578125, 9.3427734375, 9.158203125, 9.0947265625, 8.896484375, 8.7548828125, 8.609375, 8.3740234375, 8.3798828125, 8.35546875, 8.3232421875, 8.28125, 8.28125, 8.2939453125, 8.2646484375, 8.4765625, 8.5634765625, 8.70703125, 8.9150390625, 10.8310546875, 0.2705078125, 0.6787109375, 1.28515625, 1.669921875, 2.263671875, 2.49609375, 2.595703125, 2.8427734375, 2.9140625, 3.0283203125, 3.1357421875, 3.318359375, 3.32421875]","[100296.0, 100694.0, 100694.0, 100441.0, 100694.0, 100441.0, 100044.0, 99792.0, 100188.0, 99935.0, 99935.0, 100441.0, 100441.0, 100188.0, 100980.0, 100188.0, 99935.0, 99935.0, 99944.0, 99630.0, 100035.0, 99630.0, 100035.0, 100035.0, 100035.0, 99541.0, 100347.0, 100098.0, 100347.0, 100347.0, 100347.0, 100347.0, 100347.0, 100347.0, 100347.0, 100098.0, 100347.0, 100098.0, 100098.0, 100347.0, 100347.0, 100347.0, 100845.0, 101250.0, 101094.0, 101343.0, 101343.0, 101343.0, 100845.0, 100845.0, 100440.0, 99788.0, 99788.0, 100596.0, 100347.0, 100347.0, 100347.0, 100347.0, 100347.0, 100596.0, 100845.0, 100845.0, 100845.0, 100347.0, 100845.0, 100845.0, 100845.0, 100845.0, 99294.0, 99294.0, 99047.0, 99047.0, 99047.0, 99294.0, 98735.0, 98735.0, 100035.0, 100529.0, 101023.0, 101023.0, 101023.0, 101023.0, 101023.0, 101023.0, 101023.0, 101023.0, 101023.0, 101023.0, 100614.0, 100614.0, 99715.0, 99715.0, 99715.0, 100122.0, 99715.0, 99470.0, 100282.0, 100282.0, 99876.0, 100282.0, 99876.0, 99876.0, 99630.0, 96186.0, 95305.0, 95694.0, 95305.0, 95305.0, 95305.0, 95305.0, 95305.0, 95305.0, 95795.0, 96186.0, 96186.0, 94622.0, 92254.0, 91392.0, 91776.0, 92015.0, 92015.0, 90916.0, 90297.0, 90678.0, 91298.0, 91298.0, 91920.0, 92544.0, 93555.0, 94848.0, 95232.0, 95367.0, 95118.0, 95750.0, 94354.0, 93972.0, 94736.0, 95367.0, 96133.0, 96899.0, 98175.0, 98945.0, 98945.0, 100878.0, 101787.0, 100487.0, 100230.0, 101269.0, 95590.0, 89376.0, 89211.0, 89100.0, 89100.0, 88875.0, 88704.0, 87639.0, 87639.0, 87639.0, 87074.0, 87120.0, 86943.0, 86328.0, 85932.0, 86583.0, 86583.0, 86583.0, 87381.0, 142688.0, 147798.0, 160720.0, 161916.0, 161523.0, 160328.0, 160328.0, 160328.0, 160328.0, 161112.0, 161112.0, 161112.0, 160328.0, 160328.0, 160328.0, 160701.0, 147016.0, 145875.0, 145875.0, 145500.0, 145500.0, 145125.0, 144750.0, 145125.0, 144750.0, 144750.0, 144750.0, 145125.0, 145125.0, 145125.0, 145125.0, 145875.0, 145875.0, 145500.0, 145500.0, 145500.0, 145500.0, 145500.0, 145500.0, 145500.0, 145500.0, 145500.0, 145875.0, 146250.0, 146250.0, 145875.0, 145875.0, 145875.0, 145875.0, 146625.0, 146625.0, 146625.0, 146625.0, 146625.0, 146625.0, 145136.0, 145145.0, 145145.0, 145145.0, 145145.0, 145145.0, 145145.0, 145145.0, 145145.0, 144760.0, 144760.0, 144760.0, 144760.0, 144760.0, 144760.0, 144750.0, 144750.0, 145125.0, 145125.0, 144750.0, 145522.0, 145899.0, 145899.0, 145899.0, 145522.0, 145522.0, 145136.0, 145522.0, 145522.0, 145522.0, 145522.0, 145899.0, 145125.0, 145125.0, 145125.0, 145899.0, 145125.0, 144375.0, 144375.0, 145125.0, 145125.0, 145125.0, 145125.0, 145125.0, 145875.0, 145125.0, 145125.0, 145875.0, 145875.0, 145875.0, 143625.0, 143625.0, 143625.0, 144000.0, 143625.0, 143625.0, 143625.0, 143625.0, 143625.0, 143625.0, 143625.0, 143625.0, 143625.0, 143625.0, 143625.0, 144391.0, 145536.0, 145536.0, 144768.0, 144768.0, 145152.0, 144768.0, 144768.0, 145145.0, 145530.0, 145145.0, 145530.0, 145145.0, 145145.0, 145530.0, 145899.0, 145899.0, 146286.0, 145899.0, 145899.0, 146286.0, 146286.0, 146294.0, 145908.0, 145908.0, 145908.0, 145145.0, 145145.0, 145145.0, 145145.0, 145145.0, 145145.0, 145145.0, 145145.0, 144768.0, 147042.0, 148189.0, 148189.0, 148189.0, 148189.0, 147798.0, 148189.0, 147810.0, 149733.0, 150519.0, 148200.0, 147820.0, 149753.0, 147440.0, 148209.0, 148209.0, 147431.0, 147052.0, 147052.0, 147052.0, 147060.0, 147060.0, 147060.0, 147820.0, 147828.0, 147828.0, 148980.0, 149753.0, 149753.0, 149370.0, 149370.0, 150144.0, 149753.0, 149753.0, 148580.0, 147810.0, 148200.0, 148189.0, 147810.0, 147810.0, 147820.0, 147820.0, 147431.0, 147431.0, 148189.0, 147798.0, 147798.0, 147407.0, 148568.0, 148947.0, 149340.0, 148947.0, 148176.0, 147784.0]"
2026-09-09 19:12:38,2026-09-09,cam_64,85,64,7.24,5.75,/home/ashutosh_sharma/sleep-detection/cam_64/2026-09-09/tracked_persons/cam_64_CROP_id85_2026-09-09_19-12-38.jpg,/home/ashutosh_sharma/sleep-detection/cam_64/2026-09-09/tracked_persons/cam_64_FULL_id85_2026-09-09_19-12-38.jpg,"[1.13671875, 1.7119140625, 2.1103515625, 2.6806640625, 3.626953125, 4.6650390625, 5.287109375, 5.69921875, 6.01953125, 6.2685546875, 6.4248046875, 6.51953125, 6.70703125, 6.94140625, 7.380859375, 7.640625, 8.013671875, 7.9931640625, 10.83984375, 0.0, 48.3916015625, 3.25, 5.41796875, 6.9462890625, 8.005859375, 8.6728515625, 9.6884765625, 10.5908203125, 2.4140625, 3.9404296875, 5.462890625, 6.927734375, 7.5546875, 7.70703125, 8.1572265625, 8.5751953125, 9.048828125, 9.470703125, 10.34765625, 3.779296875, 5.5712890625, 6.51171875, 7.4765625, 8.3544921875, 9.0947265625, 10.0556640625, 3.6533203125, 4.5947265625, 5.69140625, 6.2158203125, 6.6025390625, 7.3046875, 7.7294921875, 8.5302734375, 8.955078125, 9.267578125, 9.5869140625, 9.99609375, 10.5400390625, 3.505859375, 4.865234375, 5.8583984375, 6.4892578125, 4.779296875]","[88380.0, 88020.0, 88020.0, 87042.0, 87042.0, 87042.0, 87042.0, 87042.0, 87042.0, 87042.0, 87042.0, 87042.0, 87042.0, 87042.0, 87042.0, 87042.0, 87042.0, 88020.0, 93120.0, 93219.0, 92061.0, 93100.0, 93296.0, 93296.0, 93492.0, 92625.0, 92538.0, 92538.0, 92061.0, 91584.0, 91584.0, 91584.0, 91584.0, 92732.0, 91776.0, 91776.0, 90820.0, 90153.0, 89676.0, 90153.0, 90630.0, 90820.0, 90440.0, 90630.0, 90630.0, 90630.0, 90630.0, 90153.0, 89199.0, 89199.0, 89199.0, 89676.0, 89012.0, 89300.0, 90250.0, 89300.0, 88924.0, 90534.0, 91762.0, 92235.0, 92235.0, 93181.0, 92708.0, 90916.0]"
2026-09-09 19:12:38,2026-09-09,cam_64,86,64,7.43,7.92,/home/ashutosh_sharma/sleep-detection/cam_64/2026-09-09/tracked_persons/cam_64_CROP_id86_2026-09-09_19-12-38.jpg,/home/ashutosh_sharma/sleep-detection/cam_64/2026-09-09/tracked_persons/cam_64_FULL_id86_2026-09-09_19-12-38.jpg,"[1.083984375, 1.59375, 2.2294921875, 3.123046875, 3.9765625, 4.6787109375, 5.3173828125, 5.787109375, 6.34375, 6.603515625, 6.646484375, 6.919921875, 7.3037109375, 7.404296875, 7.560546875, 7.22265625, 6.99609375, 6.9892578125, 8.8427734375, 8.8427734375, 67.0166015625, 2.0751953125, 3.8798828125, 5.1708984375, 6.1181640625, 6.5400390625, 6.9775390625, 7.3447265625, 8.048828125, 8.6884765625, 9.0693359375, 9.1259765625, 9.6103515625, 9.82421875, 9.9169921875, 9.9892578125, 9.9609375, 10.056640625, 2.02734375, 2.5703125, 3.1689453125, 3.423828125, 3.69140625, 3.9423828125, 4.2099609375, 4.4130859375, 4.775390625, 4.736328125, 5.0576171875, 5.2216796875, 5.0732421875, 5.5654296875, 5.86328125, 6.5234375, 7.0615234375, 7.72265625, 8.1123046875, 8.3193359375, 8.609375, 8.884765625, 9.2197265625, 9.533203125, 9.728515625, 13.2841796875]","[105495.0, 105495.0, 105148.0, 104606.0, 103872.0, 104413.0, 104954.0, 104566.0, 104760.0, 104566.0, 104566.0, 104566.0, 104566.0, 104178.0, 103641.0, 103104.0, 103834.0, 104027.0, 105300.0, 105840.0, 122744.0, 124352.0, 124047.0, 118898.0, 119214.0, 122436.0, 123510.0, 122973.0, 123510.0, 120825.0, 120064.0, 118235.0, 117700.0, 117920.0, 118140.0, 117603.0, 115670.0, 114594.0, 114056.0, 115132.0, 114594.0, 114268.0, 114918.0, 115346.0, 116424.0, 116424.0, 116424.0, 116424.0, 116424.0, 116424.0, 114807.0, 112651.0, 111904.0, 110290.0, 109548.0, 109548.0, 109548.0, 109011.0, 108474.0, 108474.0, 108272.0, 108070.0, 108272.0, 109140.0]"
2026-09-09 19:13:08,2026-09-09,cam_64,84,90,6.44,3.50,/home/ashutosh_sharma/sleep-detection/cam_64/2026-09-09/tracked_persons/cam_64_CROP_id84_2026-09-09_19-13-08.jpg,/home/ashutosh_sharma/sleep-detection/cam_64/2026-09-09/tracked_persons/cam_64_FULL_id84_2026-09-09_19-13-08.jpg,"[2.599609375, 3.7734375, 4.8359375, 6.12890625, 7.54296875, 8.6640625, 9.6884765625, 10.5673828125, 3.18359375, 5.083984375, 6.423828125, 7.2783203125, 8.37890625, 9.0009765625, 9.3623046875, 9.732421875, 10.044921875, 2.357421875, 7.431640625, 7.431640625, 27.1953125, 0.3994140625, 0.91796875, 1.33203125, 1.736328125, 2.5546875, 3.1962890625, 4.0126953125, 4.478515625, 4.63671875, 4.748046875, 4.9345703125, 5.3955078125, 5.7939453125, 6.115234375, 6.32421875, 6.9501953125, 7.3154296875, 7.521484375, 7.7001953125, 7.6796875, 7.5400390625, 7.6083984375, 7.73046875, 7.89453125, 7.943359375, 8.1064453125, 8.0947265625, 8.123046875, 8.111328125, 8.0888671875, 8.2392578125, 8.2900390625, 8.2255859375, 8.2734375, 8.181640625, 8.431640625, 8.291015625, 7.9033203125, 7.833984375, 7.849609375, 8.125, 8.3154296875, 9.501953125, 10.2509765625, 0.318359375, 0.6982421875, 1.1650390625, 1.4501953125, 1.7646484375, 2.1806640625, 2.37109375, 2.6904296875, 3.123046875, 3.564453125, 3.8330078125, 4.0400390625, 4.3564453125, 5.009765625, 5.1396484375, 5.533203125, 5.865234375, 6.06640625, 6.0107421875, 9.52734375, 9.52734375, 9.52734375, 9.52734375, 9.52734375, 9.52734375]","[220584.0, 218968.0, 213855.0, 211149.0, 206295.0, 202808.0, 200943.0, 199329.0, 199329.0, 199329.0, 199329.0, 197715.0, 199329.0, 199329.0, 200943.0, 199576.0, 201192.0, 200943.0, 202306.0, 202055.0, 209676.0, 208925.0, 210295.0, 210295.0, 208925.0, 208925.0, 208925.0, 210295.0, 210295.0, 210980.0, 211665.0, 213035.0, 213035.0, 213035.0, 213720.0, 214405.0, 214405.0, 215775.0, 215775.0, 217145.0, 219153.0, 218834.0, 219153.0, 217779.0, 216090.0, 215775.0, 216405.0, 216405.0, 217779.0, 219153.0, 219840.0, 220527.0, 221214.0, 221901.0, 222588.0, 223275.0, 223275.0, 221901.0, 221214.0, 220527.0, 220527.0, 220527.0, 220527.0, 220527.0, 214344.0, 213657.0, 211974.0, 213657.0, 211974.0, 211974.0, 211288.0, 211665.0, 211288.0, 210295.0, 212283.0, 211974.0, 210295.0, 212283.0, 212283.0, 211974.0, 212283.0, 211665.0, 213346.0, 213657.0, 273600.0, 277020.0, 277425.0, 277425.0, 277020.0, 276615.0]"
2026-09-09 19:13:59,2026-09-09,cam_38,124,50,4.90,1.76,/home/ashutosh_sharma/sleep-detection/cam_38/2026-09-09/tracked_persons/cam_38_CROP_id124_2026-09-09_19-13-59.jpg,/home/ashutosh_sharma/sleep-detection/cam_38/2026-09-09/tracked_persons/cam_38_FULL_id124_2026-09-09_19-13-59.jpg,"[0.48828125, 0.8828125, 1.24609375, 1.73046875, 1.810546875, 1.9248046875, 1.9833984375, 2.0205078125, 2.072265625, 4.7890625, 4.8349609375, 4.875, 4.8896484375, 4.9404296875, 4.9296875, 4.8837890625, 4.865234375, 5.0849609375, 5.0234375, 5.0263671875, 5.115234375, 5.119140625, 5.0859375, 5.1328125, 5.1435546875, 5.1640625, 5.2568359375, 5.2802734375, 5.3935546875, 5.443359375, 5.484375, 5.4677734375, 5.375, 5.4228515625, 5.4306640625, 5.48046875, 5.5615234375, 6.0546875, 6.1748046875, 6.236328125, 6.2451171875, 6.25390625, 6.330078125, 6.3828125, 6.4345703125, 6.65234375, 6.6552734375, 6.69921875, 6.6513671875, 9.5732421875]","[10374.0, 10296.0, 10452.0, 10530.0, 10665.0, 10586.0, 10586.0, 10507.0, 10428.0, 9779.0, 9779.0, 9779.0, 9779.0, 9702.0, 9702.0, 9702.0, 9702.0, 9625.0, 9548.0, 9548.0, 9471.0, 9471.0, 9471.0, 9471.0, 9471.0, 9471.0, 9394.0, 9471.0, 9394.0, 9317.0, 9394.0, 9471.0, 9471.0, 9471.0, 9471.0, 9471.0, 9471.0, 9225.0, 9150.0, 9075.0, 9075.0, 9317.0, 9163.0, 8925.0, 9317.0, 9075.0, 9075.0, 9317.0, 9240.0, 8925.0]"
2026-09-09 19:14:37,2026-09-09,cam_64,133,71,7.45,2.80,/home/ashutosh_sharma/sleep-detection/cam_64/2026-09-09/tracked_persons/cam_64_CROP_id133_2026-09-09_19-14-37.jpg,/home/ashutosh_sharma/sleep-detection/cam_64/2026-09-09/tracked_persons/cam_64_FULL_id133_2026-09-09_19-14-37.jpg,"[1.0283203125, 1.806640625, 2.4462890625, 3.041015625, 3.5771484375, 4.185546875, 4.6611328125, 5.390625, 6.0390625, 7.2373046875, 9.0546875, 10.78515625, 5.6123046875, 8.79296875, 10.8896484375, 6.166015625, 9.615234375, 13.1787109375, 6.453125, 9.8359375, 12.9921875, 6.4521484375, 8.4677734375, 10.7080078125, 5.2216796875, 7.23046875, 8.3603515625, 9.439453125, 10.3486328125, 3.75, 6.17578125, 7.595703125, 9.1650390625, 9.7138671875, 10.4853515625, 3.7177734375, 5.8076171875, 7.19921875, 8.373046875, 9.8974609375, 10.98828125, 4.763671875, 7.62890625, 9.5556640625, 11.2783203125, 5.73828125, 9.3310546875, 11.0849609375, 6.1337890625, 8.544921875, 10.685546875, 4.9033203125, 8.1845703125, 9.6953125, 11.4931640625, 5.298828125, 7.2919921875, 8.4287109375, 9.3974609375, 10.255859375, 3.373046875, 5.53125, 6.5068359375, 7.33984375, 8.8232421875, 9.5830078125, 10.169921875, 2.1396484375, 4.6083984375, 4.6083984375, 4.6083984375]","[213416.0, 212695.0, 212695.0, 209948.0, 210667.0, 209948.0, 207213.0, 209229.0, 212824.0, 210667.0, 211092.0, 209788.0, 211220.0, 210081.0, 214383.0, 213785.0, 216752.0, 228361.0, 261750.0, 237704.0, 236988.0, 249683.0, 253172.0, 246636.0, 238491.0, 224940.0, 225246.0, 225203.0, 236885.0, 247269.0, 252830.0, 251520.0, 246656.0, 239936.0, 231044.0, 227097.0, 227744.0, 229038.0, 228038.0, 227392.0, 226800.0, 229450.0, 231870.0, 233286.0, 231420.0, 233800.0, 229482.0, 219024.0, 217920.0, 218515.0, 214968.0, 211752.0, 209195.0, 206500.0, 205686.0, 205446.0, 206736.0, 207737.0, 208909.0, 209364.0, 210960.0, 212695.0, 212562.0, 211839.0, 208512.0, 209670.0, 213150.0, 216775.0, 218225.0, 218225.0, 218225.0]"
2026-09-09 19:14:37,2026-09-09,cam_64,134,71,6.91,2.31,/home/ashutosh_sharma/sleep-detection/cam_64/2026-09-09/tracked_persons/cam_64_CROP_id134_2026-09-09_19-14-37.jpg,/home/ashutosh_sharma/sleep-detection/cam_64/2026-09-09/tracked_persons/cam_64_FULL_id134_2026-09-09_19-14-37.jpg,"[2.7841796875, 4.5439453125, 5.783203125, 7.044921875, 7.5546875, 8.236328125, 8.708984375, 9.1025390625, 9.1806640625, 9.517578125, 9.2548828125, 9.205078125, 9.1142578125, 9.0654296875, 8.6044921875, 8.623046875, 8.8525390625, 8.70703125, 9.1640625, 9.4736328125, 10.169921875, 3.998046875, 5.7060546875, 6.931640625, 7.8095703125, 8.361328125, 9.0322265625, 9.1953125, 9.287109375, 9.4306640625, 9.3330078125, 9.2548828125, 9.4091796875, 9.5830078125, 10.05078125, 1.30859375, 2.2939453125, 2.583984375, 2.701171875, 2.86328125, 3.1982421875, 3.3232421875, 3.4404296875, 3.5673828125, 3.7119140625, 3.828125, 5.208984375, 5.29296875, 5.314453125, 5.5380859375, 5.5693359375, 5.78125, 5.765625, 5.876953125, 6.1005859375, 6.10546875, 6.1962890625, 6.5048828125, 6.3544921875, 6.5673828125, 6.931640625, 6.876953125, 7.0458984375, 7.2001953125, 7.3740234375, 7.556640625, 7.5810546875, 7.7578125, 9.044921875, 9.044921875, 9.044921875]","[150870.0, 150765.0, 151725.0, 151902.0, 153328.0, 154066.0, 155617.0, 155316.0, 156520.0, 156900.0, 157573.0, 156645.0, 155636.0, 154119.0, 151178.0, 147420.0, 144447.0, 147686.0, 155808.0, 165615.0, 176692.0, 184728.0, 182342.0, 181131.0, 181713.0, 207870.0, 208152.0, 208917.0, 208330.0, 210496.0, 208999.0, 207656.0, 209322.0, 212625.0, 214245.0, 215180.0, 215460.0, 214524.0, 215332.0, 214668.0, 215605.0, 215605.0, 216008.0, 217485.0, 216411.0, 216411.0, 217217.0, 217217.0, 217217.0, 218160.0, 218564.0, 217217.0, 217756.0, 218295.0, 217756.0, 219105.0, 219105.0, 219105.0, 219105.0, 219373.0, 219373.0, 220042.0, 220451.0, 220042.0, 219633.0, 220170.0, 219633.0, 219633.0, 220170.0, 219760.0, 219350.0]"
2026-09-09 19:14:38,2026-09-09,cam_64,136,72,8.18,3.17,/home/ashutosh_sharma/sleep-detection/cam_64/2026-09-09/tracked_persons/cam_64_CROP_id136_2026-09-09_19-14-38.jpg,/home/ashutosh_sharma/sleep-detection/cam_64/2026-09-09/tracked_persons/cam_64_FULL_id136_2026-09-09_19-14-38.jpg,"[5.53515625, 8.5458984375, 10.943359375, 6.5810546875, 10.0283203125, 6.0732421875, 9.1650390625, 10.4619140625, 4.0361328125, 5.9951171875, 7.3994140625, 10.0771484375, 4.78515625, 7.5498046875, 9.6181640625, 11.2265625, 3.0849609375, 4.615234375, 5.705078125, 6.904296875, 7.833984375, 8.482421875, 8.716796875, 8.9970703125, 9.58203125, 10.6826171875, 4.9970703125, 8.7373046875, 11.03515625, 4.990234375, 8.4482421875, 11.8759765625, 6.58984375, 9.310546875, 11.2294921875, 5.9794921875, 8.2451171875, 10.197265625, 4.90625, 7.7880859375, 9.626953125, 10.8740234375, 5.9736328125, 9.7099609375, 10.7041015625, 5.1435546875, 8.966796875, 9.998046875, 11.0126953125, 4.2158203125, 6.9345703125, 8.6708984375, 9.154296875, 9.5390625, 9.486328125, 9.111328125, 10.154296875, 4.958984375, 9.0849609375, 11.2431640625, 5.6279296875, 8.8837890625, 10.8095703125, 5.328125, 8.7158203125, 10.7421875, 5.0361328125, 8.1806640625, 10.4892578125, 0.0, 0.0, 23.6875]","[60003.0, 59488.0, 56784.0, 54756.0, 57969.0, 53066.0, 53901.0, 55935.0, 57290.0, 62008.0, 62345.0, 61334.0, 61671.0, 61824.0, 60997.0, 60323.0, 59986.0, 59649.0, 59649.0, 58301.0, 57964.0, 54931.0, 55094.0, 56279.0, 55432.0, 52909.0, 52572.0, 50100.0, 49319.0, 50974.0, 51810.0, 53130.0, 53460.0, 53120.0, 52960.0, 52960.0, 51967.0, 51653.0, 51636.0, 50995.0, 47190.0, 42441.0, 42112.0, 42250.0, 42478.0, 42333.0, 43310.0, 44541.0, 51072.0, 46965.0, 48960.0, 52416.0, 53256.0, 52486.0, 53286.0, 50076.0, 51516.0, 52326.0, 50375.0, 51636.0, 51636.0, 52629.0, 54615.0, 54116.0, 55611.0, 55610.0, 52614.0, 47619.0, 44685.0, 44685.0, 44685.0, 57330.0]"
2026-09-09 19:14:44,2026-09-09,cam_24,6,500,7.05,1.84,/home/ashutosh_sharma/sleep-detection/cam_24/2026-09-09/tracked_persons/cam_24_CROP_id6_2026-09-09_19-14-44.jpg,/home/ashutosh_sharma/sleep-detection/cam_24/2026-09-09/tracked_persons/cam_24_FULL_id6_2026-09-09_19-14-44.jpg,"[0.5625, 1.2861328125, 2.0732421875, 3.029296875, 3.9228515625, 4.228515625, 4.6884765625, 5.5712890625, 6.037109375, 6.8408203125, 7.5302734375, 7.9716796875, 8.669921875, 9.39453125, 9.759765625, 10.041015625, 0.939453125, 1.6572265625, 2.2919921875, 2.66796875, 2.958984375, 3.3330078125, 3.673828125, 4.1025390625, 4.2841796875, 4.234375, 4.181640625, 4.1689453125, 4.4033203125, 4.81640625, 5.220703125, 5.5576171875, 5.7255859375, 5.9873046875, 6.0087890625, 6.103515625, 6.1533203125, 6.23046875, 6.259765625, 6.48046875, 6.474609375, 6.19140625, 6.33203125, 6.7724609375, 7.109375, 7.2451171875, 7.3701171875, 7.5078125, 7.4775390625, 7.111328125, 6.99609375, 7.044921875, 7.013671875, 6.9453125, 6.8818359375, 6.8056640625, 6.7119140625, 6.611328125, 6.6357421875, 6.74609375, 6.7548828125, 6.896484375, 7.142578125, 7.375, 7.5029296875, 7.716796875, 7.9072265625, 8.123046875, 8.3388671875, 8.595703125, 8.79296875, 9.0068359375, 9.107421875, 9.2978515625, 9.576171875, 9.8056640625, 10.0712890625, 1.1923828125, 2.3486328125, 5.08203125, 5.3466796875, 5.6533203125, 5.8505859375, 6.12890625, 6.3291015625, 6.5029296875, 6.732421875, 6.7685546875, 6.7373046875, 6.7666015625, 6.6611328125, 6.7314453125, 6.826171875, 6.8203125, 6.833984375, 6.892578125, 6.8447265625, 6.8349609375, 6.6943359375, 6.65625, 6.529296875, 6.4873046875, 6.30859375, 6.2578125, 6.1357421875, 6.0810546875, 5.896484375, 5.8603515625, 5.7978515625, 5.7373046875, 5.796875, 5.8271484375, 5.9541015625, 6.0625, 6.0712890625, 5.98828125, 6.1005859375, 6.1396484375, 6.2197265625, 6.251953125, 6.314453125, 6.337890625, 6.4033203125, 6.392578125, 6.4990234375, 6.4619140625, 6.6279296875, 6.9755859375, 7.453125, 7.8720703125, 8.3095703125, 8.900390625, 9.37109375, 9.5634765625, 9.87109375, 9.64453125, 9.7080078125, 9.4677734375, 9.86328125, 9.88671875, 10.1875, 1.171875, 2.2705078125, 3.5751953125, 4.439453125, 4.6904296875, 4.798828125, 5.0654296875, 5.3251953125, 5.4404296875, 5.734375, 5.7919921875, 6.0888671875, 6.3564453125, 6.51171875, 6.6318359375, 6.71484375, 6.8212890625, 6.9697265625, 8.869140625, 9.0712890625, 9.248046875, 9.3564453125, 9.3837890625, 9.4951171875, 9.6591796875, 9.87890625, 10.3037109375, 1.3037109375, 2.1845703125, 3.16796875, 4.291015625, 5.40625, 6.0146484375, 6.541015625, 6.841796875, 7.12109375, 7.279296875, 7.5517578125, 7.8095703125, 8.10546875, 8.3046875, 8.4248046875, 8.572265625, 8.8359375, 9.0556640625, 9.220703125, 9.4287109375, 9.6181640625, 9.8798828125, 10.048828125, 0.9560546875, 1.416015625, 1.7470703125, 2.0791015625, 2.4609375, 2.8046875, 3.2109375, 3.7919921875, 4.5341796875, 5.4404296875, 6.3583984375, 7.28125, 8.396484375, 9.0537109375, 9.65625, 10.064453125, 3.51953125, 5.9296875, 8.037109375, 9.09375, 10.3818359375, 4.0849609375, 6.4716796875, 8.244140625, 10.1318359375, 4.693359375, 7.8125, 10.005859375, 3.71484375, 6.60546875, 8.34375, 9.3828125, 10.3935546875, 2.767578125, 4.181640625, 5.24609375, 6.67578125, 7.51953125, 7.90234375, 8.2919921875, 8.5205078125, 8.794921875, 8.849609375, 8.6025390625, 8.6630859375, 8.8671875, 8.962890625, 9.1708984375, 10.0625, 1.435546875, 2.169921875, 2.9345703125, 3.5283203125, 3.83984375, 4.234375, 4.556640625, 4.6904296875, 4.9267578125, 5.080078125, 5.140625, 5.169921875, 5.3134765625, 5.4443359375, 5.626953125, 5.7177734375, 5.7978515625, 5.9140625, 6.0400390625, 6.1533203125, 6.1123046875, 6.12890625, 6.2451171875, 6.1279296875, 6.212890625, 6.2265625, 6.248046875, 6.1484375, 6.205078125, 6.2900390625, 6.2783203125, 6.306640625, 6.29296875, 6.361328125, 6.390625, 6.419921875, 6.462890625, 6.498046875, 6.5478515625, 6.6015625, 6.681640625, 6.66796875, 6.712890625, 6.7626953125, 6.92578125, 7.2060546875, 7.9794921875, 8.625, 8.7138671875, 8.84375, 8.8701171875, 8.76953125, 8.400390625, 7.9794921875, 7.9599609375, 7.904296875, 7.923828125, 7.8515625, 7.888671875, 7.9287109375, 7.794921875, 7.6953125, 7.673828125, 7.732421875, 7.7001953125, 7.6416015625, 7.38671875, 7.2646484375, 7.1142578125, 6.955078125, 6.86328125, 7.0068359375, 6.8544921875, 6.65625, 6.4013671875, 6.1494140625, 6.203125, 6.2109375, 6.408203125, 7.5791015625, 7.6259765625, 7.625, 7.6953125, 7.6357421875, 7.654296875, 7.6669921875, 7.7763671875, 7.7958984375, 7.9697265625, 7.947265625, 8.0224609375, 8.158203125, 8.2197265625, 8.291015625, 8.3896484375, 8.5146484375, 8.5537109375, 8.6005859375, 8.6240234375, 8.6220703125, 8.6142578125, 8.662109375, 8.5888671875, 8.5751953125, 8.6142578125, 8.62109375, 8.7353515625, 8.732421875, 8.8125, 8.943359375, 9.0703125, 9.1591796875, 9.2958984375, 9.4453125, 9.515625, 9.5234375, 9.6708984375, 9.671875, 9.72265625, 9.7109375, 9.70703125, 9.71484375, 9.73046875, 9.7353515625, 9.7099609375, 9.6640625, 9.63671875, 9.5478515625, 9.4482421875, 9.3759765625, 9.2890625, 9.224609375, 9.2138671875, 9.1220703125, 9.111328125, 9.052734375, 8.9951171875, 8.88671875, 8.7314453125, 8.6435546875, 8.5517578125, 8.49609375, 8.4560546875, 8.3193359375, 8.3154296875, 8.2353515625, 8.1796875, 8.1494140625, 8.0419921875, 8.0390625, 7.9736328125, 7.93359375, 7.796875, 7.7431640625, 7.640625, 7.583984375, 7.4453125, 7.3955078125, 7.27734375, 7.0927734375, 7.0166015625, 7.0234375, 6.951171875, 6.9375, 6.9326171875, 6.923828125, 6.9921875, 7.0185546875, 7.0341796875, 7.0849609375, 7.166015625, 7.1708984375, 7.173828125, 7.1728515625, 7.162109375, 7.1669921875, 7.16796875, 7.1572265625, 7.1103515625, 7.234375, 7.251953125, 7.2587890625, 7.2138671875, 7.119140625, 7.1533203125, 7.13671875, 7.228515625, 7.2060546875, 7.1826171875, 7.20703125, 7.2099609375, 7.20703125, 7.1689453125, 7.203125, 7.189453125, 7.1904296875, 7.2421875, 7.3310546875, 7.3603515625, 7.3623046875, 7.34375, 7.2958984375, 7.271484375, 7.2392578125, 7.2177734375, 7.244140625, 7.23046875, 7.2177734375, 7.1708984375, 7.19921875, 7.22265625, 7.10546875, 7.0400390625, 7.107421875, 7.0439453125, 6.939453125, 6.880859375, 6.84375, 6.8330078125, 6.84375, 6.927734375, 6.9990234375, 7.0908203125, 7.123046875, 7.26171875, 7.3076171875, 7.4248046875, 7.4833984375, 7.583984375, 7.64453125, 7.7548828125, 7.78515625, 7.8154296875, 7.7333984375, 7.6640625, 7.5966796875, 7.5283203125, 7.4833984375, 7.45703125, 7.3583984375, 7.44140625, 7.5263671875, 7.6171875, 7.76171875, 7.849609375, 7.87890625, 8.0068359375, 8.0185546875, 8.0478515625, 8.07421875, 8.0966796875, 8.0498046875, 8.0380859375, 7.9619140625, 7.88671875, 7.79296875, 7.4697265625, 7.36328125, 7.13671875, 6.875]","[86765.0, 86765.0, 86395.0, 86395.0, 86210.0, 86025.0, 86025.0, 86025.0, 86025.0, 86025.0, 85840.0, 85840.0, 85655.0, 86581.0, 86581.0, 86581.0, 87044.0, 87507.0, 87507.0, 87507.0, 87507.0, 87507.0, 87507.0, 87507.0, 87507.0, 87507.0, 87044.0, 86581.0, 86581.0, 86581.0, 86581.0, 86118.0, 85932.0, 86304.0, 85840.0, 86304.0, 86118.0, 86118.0, 86118.0, 86581.0, 86118.0, 86118.0, 86118.0, 86118.0, 86118.0, 86118.0, 85655.0, 85655.0, 85655.0, 85655.0, 85655.0, 85192.0, 85192.0, 85095.0, 85840.0, 84729.0, 85192.0, 85095.0, 85744.0, 85744.0, 85744.0, 85560.0, 86025.0, 86025.0, 86025.0, 86025.0, 86025.0, 86025.0, 86025.0, 86025.0, 86490.0, 86955.0, 86490.0, 86490.0, 86490.0, 86025.0, 86490.0, 86490.0, 86676.0, 86580.0, 87234.0, 87048.0, 87048.0, 87234.0, 87234.0, 87234.0, 87048.0, 87048.0, 87048.0, 87048.0, 87234.0, 87048.0, 87048.0, 86862.0, 87048.0, 86862.0, 86862.0, 86862.0, 86862.0, 87329.0, 86862.0, 86862.0, 86862.0, 86862.0, 86862.0, 86676.0, 86676.0, 86862.0, 86862.0, 86862.0, 86676.0, 86490.0, 86490.0, 86025.0, 86490.0, 86490.0, 86490.0, 86490.0, 86490.0, 86955.0, 86490.0, 86490.0, 86490.0, 86490.0, 86955.0, 86955.0, 87885.0, 88263.0, 89197.0, 89388.0, 89856.0, 90324.0, 91455.0, 92393.0, 94000.0, 94470.0, 95142.0, 95613.0, 96555.0, 97704.0, 97911.0, 97911.0, 97911.0, 98118.0, 98592.0, 98592.0, 98592.0, 98857.0, 98857.0, 99066.0, 98592.0, 98592.0, 98592.0, 98592.0, 98592.0, 98384.0, 98857.0, 98857.0, 98857.0, 97136.0, 97136.0, 97603.0, 97394.0, 97603.0, 97603.0, 97136.0, 97136.0, 97344.0, 97344.0, 97552.0, 97603.0, 97812.0, 97812.0, 98748.0, 98959.0, 98748.0, 98959.0, 97603.0, 98021.0, 98021.0, 98021.0, 97136.0, 96876.0, 97552.0, 97552.0, 97552.0, 97083.0, 97083.0, 97083.0, 97290.0, 97083.0, 96614.0, 96145.0, 96145.0, 96145.0, 96145.0, 96145.0, 96145.0, 96350.0, 96555.0, 97026.0, 97704.0, 98384.0, 98857.0, 99066.0, 99275.0, 99484.0, 98739.0, 98674.0, 98195.0, 98195.0, 97237.0, 94842.0, 91968.0, 89760.0, 87178.0, 86099.0, 85137.0, 84525.0, 84525.0, 84216.0, 84390.0, 84390.0, 84738.0, 84738.0, 85086.0, 83619.0, 82790.0, 82960.0, 82641.0, 82641.0, 82641.0, 82641.0, 83130.0, 83130.0, 83130.0, 83130.0, 83130.0, 83130.0, 82960.0, 83448.0, 83448.0, 83277.0, 83277.0, 83277.0, 83277.0, 83106.0, 83106.0, 83106.0, 83106.0, 82935.0, 82935.0, 82935.0, 82935.0, 82935.0, 82935.0, 82935.0, 82935.0, 82935.0, 83905.0, 83905.0, 83905.0, 83905.0, 83905.0, 83905.0, 84078.0, 84251.0, 84251.0, 84251.0, 84251.0, 83936.0, 83936.0, 84251.0, 84424.0, 84078.0, 83277.0, 83277.0, 83277.0, 83106.0, 82935.0, 82935.0, 83106.0, 83106.0, 83592.0, 83905.0, 83559.0, 82904.0, 83213.0, 82560.0, 82080.0, 81909.0, 83213.0, 83213.0, 83559.0, 83559.0, 83386.0, 82904.0, 83559.0, 83386.0, 84042.0, 84525.0, 84525.0, 84525.0, 84525.0, 84042.0, 83559.0, 84042.0, 83559.0, 83559.0, 84042.0, 83559.0, 83213.0, 83213.0, 83213.0, 82904.0, 82593.0, 82593.0, 82593.0, 82593.0, 82764.0, 82764.0, 82764.0, 82935.0, 82935.0, 83420.0, 82764.0, 82593.0, 83248.0, 83076.0, 83076.0, 82764.0, 82593.0, 82593.0, 82593.0, 83076.0, 82593.0, 82593.0, 82764.0, 82593.0, 83076.0, 82593.0, 82764.0, 83248.0, 83248.0, 83732.0, 83732.0, 83732.0, 83732.0, 83905.0, 83905.0, 84390.0, 84700.0, 84390.0, 84216.0, 84390.0, 84875.0, 84700.0, 84875.0, 84875.0, 84875.0, 84390.0, 84390.0, 84875.0, 84875.0, 84875.0, 84564.0, 85050.0, 84875.0, 84875.0, 84875.0, 85050.0, 84875.0, 84875.0, 84875.0, 84875.0, 84875.0, 85050.0, 85050.0, 85050.0, 85050.0, 85050.0, 85050.0, 85050.0, 84564.0, 84390.0, 84875.0, 84390.0, 84875.0, 84875.0, 84738.0, 84390.0, 84390.0, 84564.0, 84564.0, 84564.0, 84564.0, 84564.0, 84564.0, 84390.0, 84738.0, 84738.0, 84738.0, 84738.0, 84738.0, 84738.0, 84251.0, 84738.0, 84738.0, 84738.0, 84738.0, 84738.0, 84738.0, 84738.0, 84738.0, 84738.0, 84738.0, 84738.0, 84738.0, 84564.0, 84390.0, 84564.0, 84390.0, 84390.0, 84390.0, 84078.0, 84078.0, 83905.0, 83905.0, 84078.0, 84078.0, 83905.0, 83905.0, 83905.0, 83905.0, 83905.0, 83905.0, 83905.0, 83905.0, 83905.0, 83905.0, 83905.0, 83905.0, 84251.0, 84251.0, 84078.0, 84078.0, 83905.0, 83905.0, 83905.0, 84078.0, 84078.0, 84251.0, 84738.0, 85225.0, 85225.0, 85225.0, 85225.0, 85050.0, 85050.0, 85050.0, 84738.0, 85225.0, 85225.0, 85225.0, 84875.0, 84875.0, 84875.0, 84875.0, 84875.0, 83905.0, 83905.0, 83905.0, 85225.0, 85225.0, 85225.0, 84251.0, 84251.0, 84251.0, 84251.0, 84078.0, 84251.0, 84251.0, 83764.0, 83764.0, 83764.0, 83764.0, 83764.0, 83764.0, 83764.0, 83764.0, 83764.0, 83764.0, 83764.0, 83764.0, 83764.0, 83764.0, 83764.0, 83277.0, 83277.0, 83277.0]"
2026-09-09 19:14:44,2026-09-09,cam_24,7,500,6.45,2.62,/home/ashutosh_sharma/sleep-detection/cam_24/2026-09-09/tracked_persons/cam_24_CROP_id7_2026-09-09_19-14-44.jpg,/home/ashutosh_sharma/sleep-detection/cam_24/2026-09-09/tracked_persons/cam_24_FULL_id7_2026-09-09_19-14-44.jpg,"[0.2109375, 0.34765625, 0.3935546875, 0.7939453125, 0.9033203125, 1.3251953125, 1.634765625, 2.017578125, 2.4697265625, 2.7861328125, 3.009765625, 3.1396484375, 3.2880859375, 3.474609375, 3.9970703125, 5.33984375, 6.9541015625, 8.3125, 10.568359375, 6.13671875, 9.5380859375, 11.5986328125, 4.0771484375, 6.58984375, 7.7109375, 7.0458984375, 5.4140625, 6.0322265625, 6.24609375, 6.9892578125, 8.537109375, 10.0888671875, 4.02734375, 5.6455078125, 6.228515625, 6.298828125, 6.302734375, 6.0986328125, 5.935546875, 5.7509765625, 5.322265625, 4.6787109375, 5.533203125, 8.2265625, 10.515625, 4.2373046875, 6.759765625, 7.3623046875, 6.48828125, 6.4716796875, 6.0576171875, 5.923828125, 7.361328125, 8.8828125, 9.9609375, 11.16796875, 3.22265625, 4.759765625, 5.013671875, 5.0732421875, 4.875, 4.7353515625, 4.7841796875, 4.8779296875, 4.939453125, 5.1357421875, 5.19921875, 5.390625, 5.45703125, 5.486328125, 5.498046875, 5.5068359375, 4.92578125, 4.2744140625, 5.595703125, 8.0869140625, 10.5205078125, 4.2568359375, 6.638671875, 9.6767578125, 10.3115234375, 1.96484375, 3.46875, 4.59375, 5.3291015625, 5.9501953125, 6.7392578125, 6.8505859375, 7.263671875, 7.638671875, 8.1943359375, 8.65234375, 9.1123046875, 9.3037109375, 9.6533203125, 9.865234375, 10.306640625, 0.875, 2.888671875, 8.109375, 12.8447265625, 6.0087890625, 7.162109375, 7.4609375, 8.87890625, 10.3916015625, 4.1201171875, 7.796875, 10.5068359375, 5.22265625, 8.0419921875, 9.6640625, 11.193359375, 2.705078125, 4.29296875, 5.8857421875, 7.701171875, 9.046875, 9.83984375, 10.0234375, 0.7490234375, 2.037109375, 3.3115234375, 3.7353515625, 3.2578125, 2.568359375, 2.765625, 3.0859375, 3.34375, 3.556640625, 3.5693359375, 3.837890625, 3.9267578125, 3.9853515625, 4.017578125, 4.306640625, 4.423828125, 4.361328125, 4.6328125, 5.3037109375, 5.4892578125, 5.6875, 5.6220703125, 5.2685546875, 5.333984375, 5.4775390625, 5.630859375, 5.6552734375, 5.7021484375, 5.7578125, 5.9306640625, 5.94140625, 6.0302734375, 6.1494140625, 6.1962890625, 6.2177734375, 6.236328125, 6.265625, 6.3525390625, 7.5869140625, 7.59765625, 7.6337890625, 7.6484375, 7.5087890625, 7.166015625, 6.9189453125, 7.119140625, 7.3623046875, 7.6484375, 8.3173828125, 8.5908203125, 8.7119140625, 8.6591796875, 8.79296875, 8.7666015625, 8.6640625, 8.611328125, 8.65234375, 8.72265625, 8.7412109375, 8.712890625, 8.7021484375, 8.6005859375, 8.3603515625, 8.3251953125, 8.2138671875, 8.0576171875, 8.5234375, 8.677734375, 9.1943359375, 9.4609375, 9.69921875, 10.4375, 2.6455078125, 4.7958984375, 6.3193359375, 7.2587890625, 8.240234375, 9.5068359375, 10.443359375, 1.77734375, 3.3203125, 5.5517578125, 6.962890625, 7.935546875, 8.498046875, 8.8505859375, 9.1357421875, 9.234375, 9.2646484375, 9.3525390625, 9.4208984375, 9.4228515625, 9.537109375, 9.6767578125, 10.4755859375, 2.08203125, 3.248046875, 4.255859375, 5.1533203125, 6.2626953125, 6.85546875, 7.6337890625, 7.9130859375, 8.1376953125, 8.2783203125, 8.5712890625, 9.326171875, 10.4208984375, 1.8369140625, 3.7978515625, 6.9443359375, 9.630859375, 12.419921875, 4.931640625, 6.6875, 7.6884765625, 7.5908203125, 7.3984375, 7.4658203125, 6.8017578125, 7.7275390625, 8.3076171875, 8.5224609375, 8.541015625, 8.0908203125, 7.505859375, 8.7490234375, 10.4599609375, 2.048828125, 2.5205078125, 2.8564453125, 3.0703125, 3.2841796875, 3.9443359375, 4.490234375, 5.294921875, 6.0263671875, 6.62109375, 6.939453125, 7.37890625, 7.7041015625, 8.2294921875, 8.91015625, 10.310546875, 2.9423828125, 3.53515625, 4.0537109375, 7.326171875, 9.03125, 8.560546875, 8.2119140625, 7.7509765625, 7.5361328125, 7.6025390625, 7.8037109375, 9.1083984375, 9.5869140625, 10.068359375, 1.0458984375, 1.3662109375, 1.6083984375, 1.7265625, 1.9697265625, 2.044921875, 2.1962890625, 2.5009765625, 3.03515625, 3.50390625, 3.88671875, 4.111328125, 4.2587890625, 4.3291015625, 4.41015625, 4.48828125, 4.5048828125, 4.5517578125, 4.5771484375, 4.578125, 4.623046875, 4.642578125, 4.6435546875, 4.6298828125, 4.654296875, 4.654296875, 4.6572265625, 4.7060546875, 4.70703125, 4.6787109375, 4.654296875, 4.7939453125, 5.275390625, 6.5029296875, 7.513671875, 9.083984375, 10.3408203125, 2.62109375, 3.982421875, 5.6845703125, 9.025390625, 9.7939453125, 9.9111328125, 9.0625, 8.1552734375, 8.2109375, 9.10546875, 10.361328125, 3.5302734375, 5.3779296875, 6.4931640625, 7.3330078125, 8.0771484375, 8.9970703125, 9.6240234375, 10.5205078125, 4.6953125, 8.9365234375, 11.169921875, 4.7529296875, 6.9765625, 8.1064453125, 8.8759765625, 8.8349609375, 9.3310546875, 9.595703125, 10.01953125, 1.91015625, 3.0732421875, 3.8642578125, 4.2802734375, 4.1943359375, 3.662109375, 3.8291015625, 4.8408203125, 5.83984375, 6.7431640625, 8.810546875, 10.94921875, 6.0625, 9.626953125, 11.779296875, 3.5419921875, 5.546875, 5.9677734375, 6.19140625, 6.3095703125, 6.5625, 6.66796875, 6.392578125, 7.9951171875, 10.728515625, 6.0400390625, 8.1494140625, 8.755859375, 9.13671875, 8.59765625, 8.4443359375, 9.2109375, 9.595703125, 8.6953125, 9.1845703125, 10.203125, 2.7021484375, 3.5478515625, 4.6875, 5.9970703125, 6.90625, 8.103515625, 9.0556640625, 8.8466796875, 8.3330078125, 7.830078125, 7.49609375, 7.76953125, 8.2890625, 8.0556640625, 8.458984375, 9.04296875, 9.884765625, 11.5625, 1.0087890625, 1.2451171875, 3.1552734375, 4.8701171875, 6.849609375, 8.0244140625, 9.27734375, 9.6572265625, 9.7998046875, 9.2392578125, 9.4921875, 9.4189453125, 10.1005859375, 2.64453125, 4.498046875, 6.353515625, 8.9013671875, 11.115234375, 4.1953125, 6.84375, 8.384765625, 9.4189453125, 10.3369140625, 2.693359375, 5.8447265625, 8.2822265625, 9.7412109375, 10.501953125, 0.9130859375, 1.3515625, 1.662109375, 2.1435546875, 2.44140625, 2.6953125, 3.0537109375, 3.09375, 3.109375, 3.0751953125, 2.81640625, 2.912109375, 2.95703125, 3.228515625, 3.9345703125, 5.181640625, 7.740234375, 10.9169921875, 6.345703125, 10.3369140625, 5.2607421875, 8.3447265625, 10.4716796875, 1.892578125, 2.55078125, 4.25, 6.2421875, 8.1240234375, 11.0966796875, 6.3037109375, 10.12109375, 5.2861328125, 8.0263671875, 9.904296875, 10.318359375, 1.181640625, 2.154296875, 3.0068359375, 3.884765625, 4.4091796875, 4.6630859375, 4.8486328125, 4.865234375, 4.9130859375, 5.0380859375, 5.119140625, 5.16015625, 5.2646484375, 5.2998046875, 5.470703125, 5.58984375, 7.328125, 7.4306640625, 7.4443359375, 7.3779296875, 7.390625, 7.3642578125, 7.412109375, 7.390625, 7.44921875, 7.5166015625, 7.53125, 7.51171875, 7.4658203125, 7.3828125, 7.4150390625, 7.5, 7.52734375, 7.5224609375, 7.58984375, 7.7744140625, 7.806640625]","[31710.0, 31559.0, 31559.0, 31559.0, 31559.0, 31559.0, 31559.0, 31559.0, 31559.0, 31768.0, 31977.0, 31824.0, 31671.0, 31977.0, 31977.0, 31977.0, 32283.0, 31824.0, 31824.0, 31977.0, 32130.0, 33015.0, 32705.0, 32240.0, 32550.0, 32550.0, 32395.0, 32813.0, 32813.0, 33127.0, 32395.0, 32032.0, 32186.0, 32240.0, 32395.0, 32032.0, 32186.0, 32186.0, 32186.0, 32550.0, 32705.0, 32186.0, 32186.0, 31878.0, 31570.0, 31262.0, 31465.0, 31310.0, 31980.0, 31980.0, 32136.0, 32292.0, 32085.0, 32240.0, 32395.0, 32240.0, 32085.0, 32085.0, 32085.0, 31878.0, 32085.0, 32085.0, 31878.0, 32085.0, 31878.0, 32085.0, 31878.0, 31878.0, 31878.0, 31878.0, 32085.0, 31878.0, 31878.0, 32395.0, 32085.0, 31878.0, 31878.0, 31570.0, 31465.0, 31465.0, 31465.0, 31714.0, 31714.0, 31557.0, 31557.0, 31557.0, 31356.0, 31200.0, 31044.0, 31044.0, 30888.0, 30732.0, 30732.0, 30732.0, 30420.0, 30420.0, 30615.0, 30615.0, 30615.0, 30929.0, 31310.0, 31262.0, 31212.0, 31724.0, 31724.0, 31570.0, 31365.0, 31059.0, 31668.0, 32320.0, 33128.0, 33233.0, 35066.0, 38016.0, 40200.0, 41209.0, 41818.0, 42228.0, 42845.0, 42427.0, 42630.0, 42630.0, 42218.0, 42009.0, 42009.0, 42009.0, 42411.0, 42411.0, 42411.0, 42586.0, 42387.0, 42785.0, 42785.0, 42785.0, 42785.0, 42387.0, 42586.0, 42372.0, 42174.0, 42785.0, 42785.0, 42785.0, 42552.0, 42355.0, 42355.0, 42355.0, 42355.0, 41925.0, 41710.0, 41495.0, 41495.0, 41688.0, 41881.0, 41881.0, 41881.0, 41688.0, 42074.0, 41881.0, 41664.0, 40704.0, 40301.0, 40492.0, 39008.0, 37136.0, 34932.0, 33390.0, 32604.0, 32085.0, 32085.0, 31824.0, 31824.0, 31824.0, 31824.0, 31671.0, 31671.0, 31671.0, 31878.0, 31878.0, 32186.0, 32395.0, 32186.0, 32130.0, 32340.0, 32186.0, 32186.0, 32395.0, 32395.0, 32395.0, 32085.0, 32499.0, 32706.0, 32913.0, 32706.0, 32390.0, 32390.0, 32390.0, 32074.0, 32074.0, 32277.0, 32277.0, 32277.0, 32277.0, 32436.0, 32436.0, 32595.0, 32595.0, 33005.0, 33166.0, 33005.0, 33005.0, 33005.0, 33005.0, 33005.0, 33327.0, 33072.0, 33231.0, 33231.0, 33231.0, 33390.0, 33231.0, 33390.0, 33338.0, 32760.0, 32550.0, 32916.0, 33127.0, 33338.0, 33390.0, 33649.0, 33649.0, 33231.0, 32604.0, 32085.0, 31724.0, 31775.0, 31570.0, 31365.0, 31570.0, 31570.0, 31570.0, 31570.0, 31570.0, 31416.0, 31570.0, 31570.0, 31878.0, 31878.0, 32032.0, 32186.0, 32186.0, 32494.0, 32494.0, 32340.0, 32340.0, 32340.0, 32340.0, 32186.0, 32186.0, 32186.0, 32340.0, 32186.0, 32283.0, 31977.0, 32283.0, 32705.0, 32860.0, 32648.0, 32130.0, 31977.0, 31977.0, 32032.0, 32130.0, 32130.0, 31977.0, 31977.0, 31977.0, 32494.0, 32494.0, 32340.0, 32550.0, 32705.0, 32705.0, 32494.0, 32705.0, 32705.0, 32705.0, 32494.0, 32494.0, 32494.0, 32705.0, 32494.0, 32494.0, 32494.0, 32494.0, 32494.0, 32494.0, 32494.0, 32494.0, 32494.0, 32494.0, 32494.0, 32494.0, 32494.0, 32494.0, 32494.0, 32494.0, 32494.0, 32494.0, 32494.0, 32494.0, 32494.0, 32494.0, 32494.0, 32494.0, 32494.0, 32395.0, 32395.0, 32395.0, 32604.0, 33384.0, 33384.0, 33540.0, 34226.0, 34383.0, 33945.0, 33635.0, 33325.0, 33635.0, 33110.0, 33110.0, 33110.0, 33418.0, 32956.0, 32802.0, 32802.0, 32648.0, 32130.0, 31671.0, 32012.0, 32163.0, 32163.0, 32314.0, 32767.0, 33201.0, 33945.0, 33945.0, 33945.0, 33480.0, 33480.0, 33170.0, 33325.0, 33635.0, 33635.0, 33635.0, 33945.0, 32648.0, 32186.0, 32494.0, 32186.0, 32648.0, 32956.0, 32802.0, 32550.0, 32395.0, 32186.0, 32340.0, 32340.0, 32494.0, 32283.0, 32528.0, 32012.0, 33048.0, 34400.0, 34719.0, 35952.0, 36335.0, 34400.0, 33867.0, 34293.0, 35145.0, 36849.0, 36210.0, 34506.0, 33755.0, 33015.0, 33015.0, 32648.0, 32589.0, 32436.0, 32376.0, 32163.0, 32163.0, 32163.0, 32742.0, 35475.0, 38016.0, 40660.0, 42174.0, 44576.0, 44884.0, 44620.0, 44655.0, 43875.0, 43183.0, 43014.0, 41748.0, 40280.0, 36750.0, 33760.0, 32802.0, 32283.0, 32832.0, 32465.0, 32012.0, 32163.0, 32163.0, 32163.0, 32163.0, 32163.0, 31950.0, 31737.0, 31886.0, 31737.0, 32035.0, 32035.0, 32035.0, 32767.0, 32767.0, 32767.0, 32550.0, 32550.0, 32550.0, 32400.0, 32400.0, 32400.0, 32400.0, 32400.0, 32400.0, 32400.0, 32250.0, 32250.0, 32465.0, 32465.0, 32465.0, 32465.0, 32465.0, 32616.0, 32550.0, 32984.0, 33635.0, 37195.0, 37625.0, 36550.0, 33912.0, 33635.0, 33201.0, 33201.0, 32984.0, 32832.0, 32680.0, 32680.0, 32680.0, 32528.0, 32376.0, 32376.0, 32224.0, 32376.0, 32376.0, 32376.0, 32376.0, 32376.0, 32072.0, 32072.0, 32072.0, 32072.0, 31861.0, 32072.0, 32072.0, 32283.0, 36344.0, 37045.0, 36960.0, 37200.0, 37045.0, 37045.0, 37045.0, 37045.0, 37045.0, 37045.0, 37200.0, 37045.0, 37045.0, 37045.0, 37045.0, 37045.0, 37045.0, 37045.0, 37045.0, 37045.0, 37045.0]"
2026-09-09 19:14:44,2026-09-09,cam_24,8,500,6.12,2.46,/home/ashutosh_sharma/sleep-detection/cam_24/2026-09-09/tracked_persons/cam_24_CROP_id8_2026-09-09_19-14-44.jpg,/home/ashutosh_sharma/sleep-detection/cam_24/2026-09-09/tracked_persons/cam_24_FULL_id8_2026-09-09_19-14-44.jpg,"[0.337890625, 1.33203125, 2.0966796875, 2.5, 2.9541015625, 3.3876953125, 3.9306640625, 4.3349609375, 4.8984375, 5.1494140625, 5.3212890625, 5.3408203125, 5.5556640625, 5.759765625, 5.873046875, 5.978515625, 6.009765625, 5.99609375, 6.150390625, 6.13671875, 6.138671875, 6.2109375, 6.1845703125, 6.0439453125, 6.0634765625, 6.123046875, 6.0615234375, 6.1064453125, 6.1298828125, 6.0087890625, 5.8828125, 5.748046875, 5.810546875, 5.9375, 6.033203125, 6.09375, 6.068359375, 6.125, 6.251953125, 6.35546875, 6.6103515625, 6.61328125, 6.5537109375, 6.580078125, 6.6533203125, 6.830078125, 6.9091796875, 6.7734375, 6.529296875, 6.4970703125, 6.16796875, 5.71484375, 5.625, 5.5234375, 5.556640625, 5.4306640625, 5.3759765625, 5.283203125, 5.21484375, 5.103515625, 5.0712890625, 5.029296875, 4.865234375, 4.6533203125, 4.611328125, 4.6875, 4.7158203125, 4.5263671875, 4.4267578125, 4.3837890625, 4.3662109375, 4.283203125, 4.125, 4.287109375, 4.44921875, 4.546875, 4.7314453125, 4.822265625, 4.8681640625, 6.2724609375, 6.29296875, 6.33984375, 6.4443359375, 6.45703125, 6.564453125, 6.650390625, 6.6787109375, 6.9423828125, 7.0625, 7.103515625, 7.0595703125, 7.1201171875, 7.0625, 7.0751953125, 7.0087890625, 6.953125, 6.9150390625, 6.849609375, 6.7763671875, 6.787109375, 6.7529296875, 6.78515625, 6.7880859375, 6.734375, 6.775390625, 6.8095703125, 6.763671875, 6.791015625, 6.7900390625, 6.765625, 6.78515625, 6.7880859375, 6.7939453125, 6.7802734375, 6.7236328125, 6.71875, 6.6474609375, 6.654296875, 6.6474609375, 6.634765625, 6.658203125, 6.66796875, 6.6767578125, 6.69921875, 6.7119140625, 6.84765625, 7.09375, 7.2080078125, 7.4423828125, 7.59375, 7.6494140625, 7.775390625, 7.8466796875, 7.9091796875, 7.9990234375, 7.9736328125, 7.8564453125, 7.837890625, 7.7314453125, 7.7255859375, 7.6943359375, 7.6767578125, 7.89453125, 8.2939453125, 8.4970703125, 8.705078125, 8.775390625, 8.720703125, 8.7197265625, 8.7568359375, 8.796875, 8.7705078125, 8.7529296875, 8.8447265625, 8.8876953125, 8.8828125, 8.8369140625, 8.759765625, 8.7392578125, 8.9775390625, 8.912109375, 8.8544921875, 8.845703125, 8.8603515625, 8.8408203125, 8.98828125, 8.880859375, 8.9072265625, 8.8505859375, 8.736328125, 8.8193359375, 8.615234375, 8.388671875, 8.2646484375, 8.248046875, 8.2880859375, 8.2939453125, 8.2158203125, 8.2431640625, 8.30859375, 8.337890625, 8.337890625, 8.333984375, 8.3408203125, 8.3828125, 8.4140625, 8.3623046875, 8.3720703125, 8.4033203125, 8.4091796875, 8.427734375, 8.4384765625, 8.47265625, 8.48046875, 8.5166015625, 8.48828125, 8.677734375, 8.85546875, 9.3310546875, 9.5517578125, 9.703125, 9.73828125, 9.6630859375, 9.5439453125, 9.427734375, 9.375, 10.3828125, 1.7490234375, 2.4794921875, 2.8447265625, 2.7734375, 3.4462890625, 3.0283203125, 3.212890625, 3.2607421875, 3.6796875, 3.9033203125, 4.1796875, 4.4423828125, 4.765625, 5.0458984375, 5.3759765625, 5.7666015625, 6.1669921875, 6.7109375, 6.8798828125, 6.982421875, 7.1953125, 7.4287109375, 7.5048828125, 7.3974609375, 7.390625, 7.4619140625, 7.4267578125, 7.7724609375, 8.58203125, 9.3251953125, 10.3310546875, 3.2587890625, 7.255859375, 8.2626953125, 9.1376953125, 9.8134765625, 10.2509765625, 2.94921875, 4.7578125, 6.1748046875, 7.6796875, 8.455078125, 9.158203125, 9.3720703125, 9.83203125, 9.9560546875, 10.09375, 1.330078125, 2.37890625, 2.8984375, 3.208984375, 3.408203125, 3.658203125, 3.759765625, 3.9208984375, 4.1953125, 4.8974609375, 5.435546875, 5.8203125, 6.041015625, 6.2958984375, 6.361328125, 6.4736328125, 6.52734375, 6.6015625, 6.6240234375, 6.7197265625, 6.6875, 6.7548828125, 6.7587890625, 6.791015625, 6.8896484375, 6.8994140625, 6.8271484375, 6.947265625, 6.97265625, 6.98046875, 7.0595703125, 7.1220703125, 7.1025390625, 7.1162109375, 7.1142578125, 7.232421875, 7.234375, 7.19921875, 7.20703125, 7.205078125, 7.21484375, 7.2080078125, 7.205078125, 7.208984375, 7.2080078125, 7.2724609375, 7.2744140625, 7.3056640625, 7.3115234375, 7.330078125, 7.3271484375, 7.3564453125, 7.3203125, 7.36328125, 7.380859375, 7.39453125, 7.400390625, 7.3876953125, 7.376953125, 7.4111328125, 7.5576171875, 7.5771484375, 7.611328125, 7.7041015625, 7.85546875, 9.1328125, 9.1376953125, 9.13671875, 9.1357421875, 9.14453125, 9.1357421875, 9.1416015625, 9.138671875, 9.1259765625, 9.11328125, 9.111328125, 9.123046875, 9.12109375, 9.130859375, 9.1376953125, 9.166015625, 9.171875, 9.2177734375, 9.2578125, 9.3095703125, 9.3408203125, 9.40625, 9.4521484375, 9.52734375, 9.5947265625, 9.7041015625, 9.826171875, 9.826171875, 9.9404296875, 9.9521484375, 9.955078125, 9.9609375, 9.9453125, 9.9375, 9.9208984375, 9.9541015625, 9.94921875, 9.9462890625, 9.892578125, 9.9072265625, 9.939453125, 9.9501953125, 9.94921875, 9.982421875, 9.9833984375, 9.9853515625, 9.9794921875, 9.9794921875, 9.9873046875, 10.0068359375, 0.02734375, 0.0322265625, 0.3779296875, 0.4541015625, 0.5185546875, 0.556640625, 0.556640625, 0.591796875, 0.6513671875, 0.6572265625, 0.677734375, 0.681640625, 0.7041015625, 0.7041015625, 0.7041015625, 0.748046875, 0.7509765625, 0.7509765625, 0.78125, 0.990234375, 0.9833984375, 1.0, 1.146484375, 1.1572265625, 1.1826171875, 1.27734375, 1.27734375, 1.3037109375, 1.3046875, 1.31640625, 4.0009765625, 3.98046875, 3.9560546875, 3.8896484375, 3.8837890625, 3.865234375, 3.8564453125, 3.8564453125, 3.826171875, 3.82421875, 3.8427734375, 3.8427734375, 3.8515625, 3.8564453125, 3.8564453125, 3.8466796875, 3.8466796875, 3.9072265625, 3.9482421875, 3.9384765625, 3.9580078125, 3.990234375, 3.9892578125, 3.9765625, 3.9765625, 3.978515625, 3.978515625, 3.9833984375, 3.9853515625, 3.9853515625, 3.9853515625, 3.9921875, 3.9921875, 3.9814453125, 3.978515625, 3.935546875, 3.919921875, 3.9033203125, 3.8681640625, 3.8837890625, 3.8798828125, 3.9833984375, 3.9970703125, 4.0771484375, 4.150390625, 4.2255859375, 4.33203125, 4.3408203125, 4.34375, 4.365234375, 4.3994140625, 4.37109375, 4.36328125, 4.33203125, 4.318359375, 4.306640625, 4.302734375, 4.2900390625, 4.2822265625, 4.267578125, 4.267578125, 4.248046875, 4.2392578125, 4.1884765625, 4.15234375, 4.1025390625, 4.001953125, 3.9931640625, 3.9765625, 3.931640625, 3.9326171875, 3.919921875, 3.919921875, 3.94140625, 3.9423828125, 3.9443359375, 3.951171875, 3.951171875, 3.9521484375, 3.947265625, 3.9560546875, 3.955078125, 3.9501953125, 3.9501953125, 3.9501953125, 3.9501953125, 3.9501953125, 3.9501953125, 3.9501953125, 3.9501953125, 3.951171875, 3.9443359375, 3.9443359375, 3.9443359375, 3.9443359375, 3.94140625, 3.9365234375, 3.9365234375, 3.9365234375, 3.9365234375, 3.9365234375]","[39732.0, 39990.0, 39990.0, 40248.0, 40506.0, 40764.0, 40349.0, 40606.0, 40606.0, 41377.0, 41891.0, 42570.0, 43086.0, 42570.0, 42570.0, 42148.0, 41891.0, 41634.0, 42570.0, 42735.0, 42405.0, 41377.0, 41120.0, 41280.0, 41280.0, 41280.0, 41699.0, 41699.0, 41699.0, 41181.0, 41181.0, 41181.0, 41181.0, 40506.0, 40764.0, 40349.0, 40349.0, 40349.0, 40349.0, 40349.0, 40349.0, 40349.0, 40349.0, 40349.0, 40349.0, 40349.0, 40349.0, 40349.0, 40349.0, 40092.0, 39835.0, 39835.0, 39627.0, 39627.0, 39886.0, 39627.0, 39886.0, 39627.0, 39627.0, 39627.0, 39368.0, 39627.0, 39627.0, 39627.0, 39216.0, 39368.0, 39368.0, 39368.0, 39886.0, 39886.0, 40145.0, 40145.0, 39886.0, 39627.0, 39627.0, 39627.0, 39368.0, 39109.0, 38850.0, 38807.0, 38807.0, 39109.0, 39216.0, 39216.0, 38912.0, 38912.0, 38807.0, 38807.0, 38807.0, 38807.0, 39627.0, 39627.0, 39627.0, 39474.0, 38958.0, 38958.0, 38958.0, 38958.0, 38958.0, 38958.0, 38958.0, 38958.0, 39064.0, 39064.0, 38807.0, 38656.0, 38656.0, 38656.0, 38656.0, 38656.0, 38656.0, 38656.0, 38656.0, 38656.0, 38656.0, 38656.0, 38656.0, 38656.0, 38912.0, 38912.0, 39064.0, 39216.0, 39216.0, 39064.0, 39064.0, 39064.0, 39064.0, 39064.0, 38807.0, 38807.0, 38807.0, 38807.0, 38807.0, 39064.0, 38807.0, 39064.0, 39321.0, 39064.0, 39321.0, 39064.0, 39064.0, 39064.0, 39064.0, 39064.0, 39064.0, 39064.0, 39064.0, 39064.0, 39064.0, 39064.0, 39064.0, 39064.0, 39064.0, 39064.0, 39168.0, 39321.0, 39321.0, 39321.0, 38807.0, 38958.0, 38442.0, 38293.0, 38293.0, 38293.0, 38293.0, 38293.0, 38293.0, 38293.0, 38293.0, 38293.0, 38293.0, 38807.0, 38807.0, 38807.0, 38807.0, 38807.0, 38807.0, 38807.0, 38807.0, 39109.0, 38807.0, 38807.0, 38293.0, 38958.0, 38958.0, 38807.0, 38807.0, 38807.0, 38807.0, 38958.0, 39109.0, 39109.0, 39109.0, 39109.0, 39109.0, 39109.0, 38958.0, 38958.0, 38958.0, 38958.0, 38958.0, 38807.0, 38807.0, 38807.0, 38958.0, 38807.0, 38807.0, 38807.0, 38807.0, 38700.0, 38700.0, 38700.0, 39109.0, 39109.0, 39109.0, 39109.0, 39109.0, 38807.0, 38807.0, 38807.0, 38550.0, 38550.0, 38807.0, 39064.0, 39064.0, 39321.0, 39321.0, 39578.0, 39835.0, 39835.0, 40349.0, 41796.0, 42405.0, 43690.0, 43947.0, 44204.0, 44461.0, 43602.0, 43602.0, 42662.0, 41891.0, 40349.0, 38550.0, 29412.0, 27606.0, 27606.0, 27348.0, 27195.0, 27713.0, 27713.0, 27195.0, 27195.0, 27300.0, 27195.0, 27713.0, 27713.0, 27713.0, 27972.0, 28231.0, 27972.0, 28231.0, 27972.0, 27972.0, 28231.0, 28231.0, 28231.0, 28231.0, 28231.0, 28231.0, 28231.0, 28231.0, 27972.0, 27713.0, 27713.0, 27713.0, 27713.0, 27713.0, 27713.0, 27713.0, 27713.0, 27713.0, 28231.0, 28231.0, 28231.0, 28231.0, 28231.0, 28231.0, 28231.0, 28231.0, 28231.0, 28231.0, 28231.0, 28231.0, 28231.0, 28231.0, 28231.0, 28231.0, 28231.0, 28231.0, 28231.0, 28231.0, 28231.0, 28231.0, 28231.0, 28231.0, 28231.0, 28231.0, 28231.0, 28231.0, 28122.0, 28231.0, 28122.0, 28122.0, 28122.0, 28231.0, 28231.0, 28231.0, 28231.0, 28122.0, 28449.0, 28558.0, 29193.0, 29193.0, 29082.0, 29082.0, 29193.0, 28971.0, 28449.0, 28449.0, 28449.0, 28449.0, 28449.0, 28449.0, 28449.0, 28449.0, 28971.0, 28971.0, 28971.0, 28971.0, 29232.0, 29493.0, 29719.0, 29493.0, 29493.0, 29493.0, 29493.0, 29493.0, 29719.0, 29493.0, 29493.0, 29719.0, 29493.0, 28971.0, 28971.0, 29193.0, 29193.0, 29193.0, 28971.0, 28971.0, 29193.0, 29193.0, 28971.0, 28971.0, 29193.0, 29193.0, 29193.0, 29193.0, 28971.0, 29193.0, 28971.0, 28971.0, 28971.0, 28971.0, 28971.0, 29193.0, 28971.0, 28971.0, 28971.0, 29193.0, 28971.0, 28971.0, 28971.0, 28971.0, 29193.0, 28971.0, 28971.0, 28971.0, 29193.0, 29193.0, 28971.0, 29193.0, 29193.0, 29193.0, 28971.0, 29193.0, 28971.0, 29193.0, 29193.0, 29193.0, 29082.0, 28971.0, 28860.0, 28600.0, 28340.0, 28340.0, 28340.0, 28340.0, 28340.0, 28340.0, 28340.0, 28340.0, 28340.0, 28340.0, 28340.0, 28340.0, 28340.0, 28710.0, 28710.0, 28710.0, 28600.0, 28710.0, 28340.0, 28340.0, 28340.0, 28710.0, 28710.0, 28600.0, 28600.0, 28449.0, 28449.0, 28449.0, 28449.0, 28710.0, 28710.0, 28710.0, 28600.0, 28971.0, 28971.0, 28971.0, 28971.0, 28860.0, 28860.0, 28860.0, 28971.0, 29493.0, 29493.0, 29232.0, 29493.0, 29493.0, 29232.0, 29493.0, 29232.0, 29232.0, 28971.0, 28971.0, 28971.0, 28971.0, 28971.0, 28971.0, 28971.0, 28971.0, 28971.0, 28971.0, 28971.0, 28860.0, 28860.0, 28860.0, 28971.0, 28971.0, 28971.0, 28449.0, 28449.0, 28449.0, 28449.0, 28449.0, 28449.0, 28449.0, 28340.0, 28971.0, 28971.0, 28971.0, 28971.0, 28971.0, 28971.0, 28449.0, 28449.0, 28449.0, 28449.0, 28449.0, 28449.0, 28449.0, 28449.0, 28449.0, 28449.0, 28449.0, 28449.0, 28449.0, 28449.0, 28449.0, 28449.0]"
2026-09-09 19:15:11,2026-09-09,cam_64,135,101,8.34,4.27,/home/ashutosh_sharma/sleep-detection/cam_64/2026-09-09/tracked_persons/cam_64_CROP_id135_2026-09-09_19-15-11.jpg,/home/ashutosh_sharma/sleep-detection/cam_64/2026-09-09/tracked_persons/cam_64_FULL_id135_2026-09-09_19-15-11.jpg,"[2.455078125, 3.970703125, 5.2587890625, 6.294921875, 6.955078125, 7.78515625, 8.9462890625, 9.6748046875, 10.275390625, 3.54296875, 5.072265625, 6.03515625, 6.8369140625, 7.4521484375, 7.9970703125, 8.427734375, 8.7265625, 9.0634765625, 9.0927734375, 8.86328125, 8.5751953125, 8.37890625, 8.095703125, 8.177734375, 8.376953125, 8.7265625, 8.962890625, 9.0517578125, 9.1171875, 9.15234375, 9.2197265625, 9.28125, 9.17578125, 9.001953125, 9.099609375, 9.119140625, 9.283203125, 9.287109375, 9.2861328125, 9.03125, 8.69921875, 8.4951171875, 8.548828125, 8.6884765625, 8.78515625, 8.666015625, 9.1806640625, 9.462890625, 9.8193359375, 10.0615234375, 1.3271484375, 2.033203125, 2.7568359375, 3.4287109375, 3.7490234375, 4.1103515625, 4.3701171875, 4.6865234375, 5.0048828125, 5.2509765625, 5.5712890625, 5.8642578125, 6.255859375, 6.6513671875, 6.9501953125, 7.197265625, 7.5771484375, 7.904296875, 7.9189453125, 7.9189453125, 7.9189453125, 26.787109375, 32.359375, 1.80859375, 3.5478515625, 4.767578125, 6.09765625, 7.1962890625, 8.734375, 10.0341796875, 4.4541015625, 7.5810546875, 8.9580078125, 11.322265625, 5.2783203125, 8.2490234375, 11.748046875, 6.7783203125, 11.4794921875, 8.2080078125, 13.2265625, 8.8984375, 11.6298828125, 9.1064453125, 12.041015625, 8.296875, 11.3369140625, 8.150390625, 12.7333984375, 9.9912109375, 25.671875]","[28314.0, 27839.0, 27742.0, 28314.0, 28987.0, 30135.0, 30210.0, 29998.0, 33480.0, 35306.0, 35475.0, 35894.0, 36043.0, 35910.0, 33480.0, 31742.0, 32011.0, 32160.0, 32696.0, 32280.0, 31860.0, 31860.0, 32400.0, 31590.0, 31860.0, 31860.0, 31742.0, 31860.0, 31742.0, 31860.0, 32130.0, 31707.0, 31436.0, 31436.0, 31436.0, 30894.0, 30894.0, 30623.0, 31707.0, 31824.0, 32760.0, 32760.0, 33428.0, 33000.0, 33000.0, 33275.0, 36575.0, 37125.0, 37125.0, 36300.0, 36841.0, 36010.0, 36287.0, 36564.0, 36841.0, 35733.0, 35733.0, 35328.0, 34902.0, 35154.0, 35154.0, 35154.0, 35406.0, 35532.0, 35968.0, 36096.0, 36378.0, 35406.0, 34844.0, 34720.0, 34440.0, 32256.0, 31137.0, 31164.0, 31351.0, 33109.0, 34281.0, 34867.0, 36625.0, 38090.0, 39262.0, 39285.0, 40449.0, 41038.0, 40754.0, 41756.0, 41318.0, 40752.0, 39337.0, 36660.0, 35250.0, 32545.0, 30956.0, 29432.0, 28943.0, 27810.0, 26400.0, 25802.0, 26093.0, 27100.0, 23030.0]"
2026-09-09 19:15:41,2026-09-09,cam_38,147,94,7.59,2.48,/home/ashutosh_sharma/sleep-detection/cam_38/2026-09-09/tracked_persons/cam_38_CROP_id147_2026-09-09_19-15-41.jpg,/home/ashutosh_sharma/sleep-detection/cam_38/2026-09-09/tracked_persons/cam_38_FULL_id147_2026-09-09_19-15-41.jpg,"[1.8642578125, 3.8330078125, 4.46484375, 4.7392578125, 5.181640625, 6.3212890625, 6.830078125, 7.3427734375, 8.1015625, 8.2724609375, 8.3427734375, 7.9990234375, 7.67578125, 7.935546875, 8.0009765625, 8.095703125, 8.2998046875, 8.2978515625, 8.19921875, 7.861328125, 7.73046875, 8.20703125, 8.59765625, 9.19921875, 9.9716796875, 10.7861328125, 4.1015625, 7.416015625, 9.9931640625, 13.4326171875, 3.7568359375, 5.2060546875, 6.453125, 7.69921875, 8.2158203125, 9.0029296875, 9.279296875, 9.3828125, 9.16796875, 9.2744140625, 9.5791015625, 10.884765625, 2.5400390625, 4.1904296875, 5.4892578125, 7.3681640625, 9.0361328125, 10.21484375, 3.8017578125, 7.9453125, 9.923828125, 11.5546875, 4.416015625, 9.6083984375, 11.640625, 4.2236328125, 6.8134765625, 10.6826171875, 4.6875, 7.19140625, 9.341796875, 12.4951171875, 4.017578125, 6.88671875, 8.623046875, 11.7724609375, 4.79296875, 7.2138671875, 9.5029296875, 11.2822265625, 5.1572265625, 8.029296875, 9.9072265625, 13.376953125, 3.751953125, 5.8955078125, 7.44921875, 10.1796875, 2.86328125, 4.962890625, 6.4541015625, 9.2001953125, 10.2734375, 3.0244140625, 4.32421875, 5.8681640625, 6.5009765625, 6.71875, 7.310546875, 7.8212890625, 8.1220703125, 8.1923828125, 8.25390625, 8.0107421875]","[26676.0, 25740.0, 25630.0, 25164.0, 26103.0, 26565.0, 26910.0, 26910.0, 26680.0, 27140.0, 27600.0, 27600.0, 29210.0, 28728.0, 30096.0, 30872.0, 31188.0, 31326.0, 32688.0, 32461.0, 32461.0, 32234.0, 32688.0, 33142.0, 32461.0, 32032.0, 31603.0, 29866.0, 29532.0, 29046.0, 28000.0, 26688.0, 27777.0, 26600.0, 26320.0, 25900.0, 26128.0, 23048.0, 24426.0, 25200.0, 24881.0, 23664.0, 23355.0, 23085.0, 23598.0, 22490.0, 22317.0, 21971.0, 22272.0, 24992.0, 24344.0, 24660.0, 25437.0, 28012.0, 31324.0, 32370.0, 28368.0, 29290.0, 32342.0, 29190.0, 31458.0, 35916.0, 23072.0, 30418.0, 31280.0, 32804.0, 38080.0, 39120.0, 39765.0, 28920.0, 26751.0, 26269.0, 25546.0, 25334.0, 24856.0, 24378.0, 24139.0, 23760.0, 23760.0, 23618.0, 23716.0, 23571.0, 30492.0, 25029.0, 23716.0, 26001.0, 30135.0, 31734.0, 29890.0, 29280.0, 27816.0, 29768.0, 29889.0, 28304.0]"
2026-09-09 19:15:41,2026-09-09,cam_38,149,94,4.78,2.41,/home/ashutosh_sharma/sleep-detection/cam_38/2026-09-09/tracked_persons/cam_38_CROP_id149_2026-09-09_19-15-41.jpg,/home/ashutosh_sharma/sleep-detection/cam_38/2026-09-09/tracked_persons/cam_38_FULL_id149_2026-09-09_19-15-41.jpg,"[0.4462890625, 1.0, 1.0830078125, 1.3193359375, 1.4033203125, 1.611328125, 1.6826171875, 1.7529296875, 1.8623046875, 1.865234375, 1.9375, 1.953125, 2.0234375, 2.1533203125, 2.2587890625, 2.298828125, 2.4091796875, 2.5439453125, 2.62890625, 2.791015625, 2.89453125, 2.9931640625, 3.18359375, 3.302734375, 3.375, 3.443359375, 3.4326171875, 3.4453125, 3.4833984375, 3.46484375, 3.4873046875, 3.5146484375, 3.5244140625, 3.5693359375, 3.6318359375, 3.6171875, 3.6064453125, 3.517578125, 3.5009765625, 3.40234375, 3.5556640625, 3.8115234375, 3.7646484375, 3.853515625, 3.8955078125, 3.8623046875, 4.142578125, 4.1181640625, 4.154296875, 4.0908203125, 4.0634765625, 4.0224609375, 4.0478515625, 4.1005859375, 4.1708984375, 4.275390625, 4.47265625, 5.03125, 5.1962890625, 5.3857421875, 5.4560546875, 5.74609375, 5.794921875, 5.8017578125, 6.0009765625, 6.3935546875, 6.513671875, 6.6943359375, 6.7216796875, 6.9716796875, 7.1025390625, 7.1806640625, 7.28125, 7.6494140625, 7.802734375, 7.927734375, 8.0185546875, 8.224609375, 8.330078125, 8.4052734375, 8.5146484375, 8.671875, 8.6728515625, 8.6162109375, 8.6064453125, 8.556640625, 8.5517578125, 8.5361328125, 8.5546875, 8.5869140625, 8.494140625, 8.5576171875, 8.6416015625, 8.712890625]","[10350.0, 10350.0, 10350.0, 10350.0, 10050.0, 10050.0, 10050.0, 10050.0, 10050.0, 10050.0, 10050.0, 10050.0, 10200.0, 10050.0, 10430.0, 10500.0, 10650.0, 10500.0, 10500.0, 10650.0, 10430.0, 10132.0, 10200.0, 10200.0, 10200.0, 10200.0, 10200.0, 10050.0, 10050.0, 10200.0, 10200.0, 10050.0, 10050.0, 10200.0, 10050.0, 10200.0, 10200.0, 10950.0, 11400.0, 11400.0, 11700.0, 11550.0, 11400.0, 12000.0, 11850.0, 12382.0, 12150.0, 11850.0, 11850.0, 11550.0, 11850.0, 11850.0, 11840.0, 10650.0, 10360.0, 9916.0, 9472.0, 9324.0, 9472.0, 9536.0, 9900.0, 10117.0, 9966.0, 10268.0, 10117.0, 10488.0, 10488.0, 10640.0, 10640.0, 10792.0, 10792.0, 10184.0, 8968.0, 8154.0, 8003.0, 8208.0, 8154.0, 8208.0, 8208.0, 8456.0, 8456.0, 8250.0, 8400.0, 8550.0, 8550.0, 8607.0, 8607.0, 8607.0, 8607.0, 8607.0, 8512.0, 8607.0, 8607.0, 8664.0]"
2026-09-09 19:15:41,2026-09-09,cam_38,150,94,7.06,2.85,/home/ashutosh_sharma/sleep-detection/cam_38/2026-09-09/tracked_persons/cam_38_CROP_id150_2026-09-09_19-15-41.jpg,/home/ashutosh_sharma/sleep-detection/cam_38/2026-09-09/tracked_persons/cam_38_FULL_id150_2026-09-09_19-15-41.jpg,"[0.5625, 1.576171875, 1.896484375, 2.2841796875, 2.8056640625, 4.1220703125, 4.6591796875, 5.3740234375, 6.017578125, 7.18359375, 7.595703125, 8.0966796875, 8.1455078125, 7.3525390625, 7.2255859375, 7.2587890625, 7.416015625, 7.5625, 7.6103515625, 7.572265625, 7.537109375, 7.3310546875, 7.3291015625, 7.5341796875, 7.74609375, 8.0390625, 8.2080078125, 8.50390625, 8.6083984375, 8.96875, 9.322265625, 9.41796875, 9.5595703125, 9.9404296875, 10.0458984375, 0.6015625, 1.0009765625, 1.890625, 2.2265625, 2.470703125, 2.7119140625, 3.3701171875, 3.505859375, 3.7724609375, 4.1376953125, 4.6943359375, 5.912109375, 5.95703125, 6.4443359375, 8.751953125, 9.341796875, 10.42578125, 3.9912109375, 8.0966796875, 9.39453125, 10.11328125, 3.5947265625, 8.080078125, 9.482421875, 10.5146484375, 3.9716796875, 8.51171875, 10.619140625, 4.4111328125, 7.2890625, 9.8544921875, 9.95703125, 10.22265625, 4.5537109375, 8.9873046875, 10.255859375, 4.548828125, 6.712890625, 9.8544921875, 11.787109375, 4.587890625, 7.76953125, 11.1201171875, 5.240234375, 8.7265625, 11.54296875, 7.9267578125, 8.6328125, 9.41015625, 10.0791015625, 7.6123046875, 9.9052734375, 11.8173828125, 3.8173828125, 8.24609375, 9.8916015625, 11.4033203125, 5.0078125, 8.0869140625]","[5800.0, 5945.0, 5945.0, 6090.0, 6048.0, 6235.0, 6424.0, 6380.0, 6380.0, 6380.0, 6570.0, 6570.0, 6132.0, 6321.0, 6321.0, 6321.0, 6407.0, 6364.0, 6364.0, 6364.0, 6364.0, 6216.0, 6216.0, 6174.0, 6006.0, 6006.0, 5964.0, 5922.0, 5922.0, 6020.0, 5934.0, 5934.0, 6063.0, 6106.0, 6480.0, 6435.0, 6480.0, 6525.0, 6525.0, 6525.0, 6525.0, 6525.0, 6570.0, 6716.0, 6716.0, 6762.0, 6336.0, 5945.0, 6380.0, 6435.0, 6716.0, 6364.0, 6615.0, 6808.0, 6956.0, 7252.0, 7548.0, 8085.0, 8208.0, 8294.0, 8555.0, 8845.0, 9052.0, 8614.0, 8120.0, 7250.0, 6862.0, 6615.0, 6624.0, 7144.0, 7344.0, 7600.0, 7701.0, 7550.0, 7550.0, 7701.0, 8003.0, 7350.0, 7301.0, 7399.0, 9880.0, 9394.0, 9060.0, 9362.0, 8424.0, 9048.0, 9420.0, 8792.0, 8892.0, 8949.0, 8949.0, 9006.0, 9222.0, 10106.0]"
2026-09-09 19:15:42,2026-09-09,cam_25,132,140,5.82,3.55,/home/ashutosh_sharma/sleep-detection/cam_25/2026-09-09/tracked_persons/cam_25_CROP_id132_2026-09-09_19-15-42.jpg,/home/ashutosh_sharma/sleep-detection/cam_25/2026-09-09/tracked_persons/cam_25_FULL_id132_2026-09-09_19-15-42.jpg,"[0.3681640625, 0.5751953125, 1.0732421875, 1.341796875, 1.466796875, 1.830078125, 2.0673828125, 2.4326171875, 2.6376953125, 2.7880859375, 2.84375, 3.05078125, 3.294921875, 3.53515625, 3.552734375, 3.591796875, 3.6376953125, 3.576171875, 3.623046875, 3.62890625, 3.6181640625, 3.6201171875, 3.6064453125, 3.560546875, 3.609375, 3.796875, 3.8466796875, 3.8525390625, 3.9501953125, 4.0078125, 4.18359375, 4.2294921875, 4.3837890625, 4.48046875, 4.6337890625, 4.693359375, 4.712890625, 4.7744140625, 4.9072265625, 5.0107421875, 5.1865234375, 5.228515625, 5.2451171875, 5.234375, 5.2255859375, 5.3662109375, 5.43359375, 5.42578125, 6.74609375, 6.6796875, 6.6025390625, 6.5771484375, 6.498046875, 6.5107421875, 6.494140625, 6.466796875, 6.4443359375, 6.474609375, 6.4423828125, 6.4365234375, 6.49609375, 6.509765625, 6.490234375, 6.4990234375, 6.505859375, 6.5390625, 6.4716796875, 6.45703125, 6.4296875, 6.4765625, 6.484375, 6.48828125, 6.4716796875, 6.5009765625, 6.4990234375, 6.505859375, 6.48828125, 6.4775390625, 6.4990234375, 6.4482421875, 6.4375, 6.455078125, 6.408203125, 6.3466796875, 6.3427734375, 6.294921875, 6.279296875, 6.3076171875, 6.322265625, 8.8828125, 8.8837890625, 8.8505859375, 8.8662109375, 8.9130859375, 8.916015625, 8.8505859375, 8.85546875, 8.8271484375, 8.873046875, 8.9052734375, 8.8837890625, 8.875, 8.9169921875, 8.978515625, 8.986328125, 9.01953125, 9.083984375, 9.080078125, 9.0830078125, 9.103515625, 8.45703125, 12.15625, 12.2490234375, 0.8759765625, 1.818359375, 2.65625, 3.1103515625, 3.3271484375, 3.703125, 3.9541015625, 4.1259765625, 4.2255859375, 4.265625, 4.3310546875, 4.4482421875, 4.4267578125, 4.609375, 4.71875, 4.685546875, 4.9482421875, 5.1142578125, 5.166015625, 5.322265625, 5.3916015625, 5.501953125, 5.591796875, 5.689453125, 5.6826171875, 5.716796875, 38.3720703125]","[28050.0, 27948.0, 27846.0, 27846.0, 28119.0, 28119.0, 28119.0, 28119.0, 28119.0, 28119.0, 28119.0, 28119.0, 28119.0, 27674.0, 27674.0, 27674.0, 27674.0, 28325.0, 28325.0, 28325.0, 28222.0, 27573.0, 27573.0, 27573.0, 27573.0, 27573.0, 27573.0, 27573.0, 27573.0, 28119.0, 28119.0, 28119.0, 27573.0, 27573.0, 27573.0, 27573.0, 28325.0, 28325.0, 28325.0, 28325.0, 28119.0, 28325.0, 28325.0, 28325.0, 28325.0, 28119.0, 28119.0, 28119.0, 28222.0, 28222.0, 28428.0, 28428.0, 28428.0, 28325.0, 28325.0, 28325.0, 27775.0, 28325.0, 28325.0, 28325.0, 28325.0, 28325.0, 28325.0, 28050.0, 27948.0, 28050.0, 28050.0, 27775.0, 28050.0, 27775.0, 28050.0, 27775.0, 27775.0, 27775.0, 28050.0, 27775.0, 27775.0, 27775.0, 28050.0, 27775.0, 28050.0, 28050.0, 28050.0, 28325.0, 28325.0, 28325.0, 28325.0, 28325.0, 28325.0, 28325.0, 28875.0, 28875.0, 28875.0, 28875.0, 28875.0, 28875.0, 28980.0, 28875.0, 28875.0, 28875.0, 28600.0, 29085.0, 28808.0, 28808.0, 28808.0, 28808.0, 28808.0, 28600.0, 28600.0, 28050.0, 27977.0, 28050.0, 28254.0, 27876.0, 28254.0, 28254.0, 28531.0, 28531.0, 28531.0, 28531.0, 28531.0, 28531.0, 28531.0, 28531.0, 28531.0, 28531.0, 28531.0, 28531.0, 28531.0, 28325.0, 28325.0, 27775.0, 27775.0, 28050.0, 27775.0, 27775.0, 27775.0, 27775.0, 27775.0, 29256.0]"
2026-09-09 19:15:52,2026-09-09,cam_64,161,61,8.90,4.41,/home/ashutosh_sharma/sleep-detection/cam_64/2026-09-09/tracked_persons/cam_64_CROP_id161_2026-09-09_19-15-52.jpg,/home/ashutosh_sharma/sleep-detection/cam_64/2026-09-09/tracked_persons/cam_64_FULL_id161_2026-09-09_19-15-52.jpg,"[3.54296875, 6.099609375, 7.5537109375, 8.8056640625, 10.4296875, 2.8271484375, 5.625, 7.3427734375, 9.5087890625, 11.501953125, 2.9541015625, 4.4072265625, 5.4775390625, 7.3251953125, 9.115234375, 10.4365234375, 3.75390625, 6.1416015625, 8.9033203125, 9.697265625, 11.169921875, 3.890625, 6.263671875, 7.48046875, 9.9951171875, 35.287109375, 12.771484375, 13.02734375, 12.4619140625, 11.708984375, 10.583984375, 10.248046875, 10.0947265625, 10.0400390625, 8.6943359375, 13.8583984375, 8.6611328125, 13.7353515625, 8.095703125, 11.013671875, 6.3447265625, 12.3076171875, 6.6044921875, 9.369140625, 10.5673828125, 4.1982421875, 5.5302734375, 7.087890625, 9.2802734375, 10.763671875, 4.544921875, 7.45703125, 10.5068359375, 5.453125, 8.177734375, 10.814453125, 5.546875, 8.4931640625, 9.7744140625, 12.0234375, 7.5615234375]","[71103.0, 71276.0, 71449.0, 71103.0, 71103.0, 70281.0, 70281.0, 71103.0, 71514.0, 71103.0, 70623.0, 70210.0, 68637.0, 67815.0, 69290.0, 71750.0, 72747.0, 69870.0, 69870.0, 71449.0, 73040.0, 74464.0, 73870.0, 74934.0, 74934.0, 114310.0, 118104.0, 117813.0, 133640.0, 141480.0, 139392.0, 133858.0, 122264.0, 114048.0, 108240.0, 102290.0, 100548.0, 100626.0, 99180.0, 95460.0, 94133.0, 93019.0, 91905.0, 89677.0, 89677.0, 87763.0, 86335.0, 85527.0, 84107.0, 83550.0, 83291.0, 82436.0, 84107.0, 83250.0, 83503.0, 84664.0, 86490.0, 89677.0, 90465.0, 92351.0, 91245.0]"
2026-09-09 19:16:27,2026-09-09,cam_38,151,140,4.72,2.35,/home/ashutosh_sharma/sleep-detection/cam_38/2026-09-09/tracked_persons/cam_38_CROP_id151_2026-09-09_19-16-27.jpg,/home/ashutosh_sharma/sleep-detection/cam_38/2026-09-09/tracked_persons/cam_38_FULL_id151_2026-09-09_19-16-27.jpg,"[0.361328125, 0.8603515625, 1.025390625, 1.1962890625, 1.205078125, 1.5224609375, 1.5380859375, 1.5419921875, 1.5615234375, 1.474609375, 1.4609375, 1.51171875, 1.546875, 1.6181640625, 1.728515625, 1.7587890625, 1.9052734375, 2.2265625, 2.3623046875, 2.5126953125, 2.65625, 2.8896484375, 2.9833984375, 3.0869140625, 3.26953125, 3.345703125, 3.3359375, 3.3408203125, 3.30859375, 3.361328125, 3.365234375, 3.353515625, 3.4599609375, 3.564453125, 3.5390625, 3.51171875, 3.4091796875, 3.19921875, 3.0859375, 3.056640625, 3.1689453125, 3.365234375, 3.4072265625, 3.4990234375, 3.490234375, 3.501953125, 3.8857421875, 3.884765625, 3.8837890625, 3.8984375, 3.8544921875, 3.837890625, 3.7587890625, 3.732421875, 3.6591796875, 3.515625, 3.4580078125, 3.48828125, 3.5830078125, 3.8212890625, 3.96875, 4.5302734375, 4.69140625, 4.947265625, 5.193359375, 5.3359375, 5.490234375, 5.529296875, 5.517578125, 5.7041015625, 5.84765625, 5.962890625, 6.0732421875, 6.40234375, 6.6181640625, 6.6953125, 6.763671875, 7.0234375, 7.1142578125, 7.2734375, 7.443359375, 7.6142578125, 7.57421875, 7.6123046875, 7.484375, 7.6298828125, 7.6552734375, 7.666015625, 7.84765625, 8.2958984375, 8.4453125, 8.4931640625, 8.4892578125, 8.654296875, 11.466796875, 0.4697265625, 1.0986328125, 1.265625, 1.47265625, 1.9228515625, 2.740234375, 3.1220703125, 3.2861328125, 3.888671875, 4.5771484375, 4.9853515625, 5.4736328125, 5.6162109375, 5.8466796875, 5.8798828125, 6.1337890625, 6.2724609375, 6.6494140625, 6.84765625, 6.931640625, 7.0478515625, 7.21875, 7.212890625, 7.35546875, 7.33984375, 7.353515625, 7.349609375, 7.36328125, 7.4345703125, 7.2783203125, 7.345703125, 7.3486328125, 7.2958984375, 7.2822265625, 7.1904296875, 7.6142578125, 7.8251953125, 8.857421875, 10.2080078125, 2.35546875, 3.078125, 3.953125, 5.013671875, 5.2578125, 5.6259765625]","[7644.0, 7488.0, 7488.0, 7566.0, 7488.0, 7566.0, 7566.0, 7566.0, 7566.0, 7566.0, 7566.0, 7488.0, 7488.0, 7566.0, 7566.0, 7566.0, 7566.0, 7566.0, 7566.0, 7488.0, 7410.0, 7372.0, 7410.0, 7332.0, 7144.0, 7332.0, 7332.0, 7410.0, 7410.0, 7392.0, 7392.0, 7392.0, 7469.0, 7546.0, 7350.0, 7500.0, 7500.0, 7676.0, 7676.0, 7979.0, 8160.0, 7956.0, 8080.0, 8080.0, 8181.0, 8181.0, 7920.0, 7920.0, 7840.0, 8118.0, 8019.0, 7920.0, 7920.0, 7920.0, 7800.0, 7800.0, 7800.0, 7676.0, 7600.0, 7676.0, 7676.0, 7676.0, 7474.0, 7575.0, 7446.0, 7373.0, 7548.0, 7548.0, 7272.0, 7446.0, 7446.0, 7446.0, 7446.0, 7446.0, 7446.0, 7272.0, 7272.0, 7242.0, 7070.0, 7242.0, 7242.0, 7038.0, 7038.0, 7140.0, 7242.0, 7242.0, 7242.0, 7038.0, 7242.0, 6936.0, 6936.0, 6936.0, 7038.0, 7004.0, 4935.0, 4305.0, 4200.0, 4095.0, 4095.0, 4095.0, 4095.0, 3922.0, 3922.0, 3959.0, 3852.0, 4066.0, 4708.0, 4796.0, 4510.0, 4440.0, 4329.0, 4144.0, 4032.0, 4181.0, 4068.0, 4068.0, 4032.0, 4032.0, 3996.0, 3885.0, 3996.0, 3924.0, 3960.0, 3960.0, 3960.0, 3924.0, 3924.0, 3888.0, 3888.0, 3888.0, 5117.0, 5160.0, 5082.0, 5246.0, 5084.0, 5250.0, 5084.0, 5500.0, 5375.0, 5375.0]"
2026-09-09 19:16:41,2026-09-09,cam_38,146,154,4.31,3.16,/home/ashutosh_sharma/sleep-detection/cam_38/2026-09-09/tracked_persons/cam_38_CROP_id146_2026-09-09_19-16-41.jpg,/home/ashutosh_sharma/sleep-detection/cam_38/2026-09-09/tracked_persons/cam_38_FULL_id146_2026-09-09_19-16-41.jpg,"[0.1650390625, 0.388671875, 0.5771484375, 0.67578125, 0.75390625, 0.93359375, 0.9873046875, 1.0, 1.0673828125, 1.111328125, 1.15234375, 1.1943359375, 1.2275390625, 1.2109375, 1.2412109375, 1.25390625, 1.287109375, 1.29296875, 1.314453125, 1.328125, 1.3408203125, 1.3623046875, 1.3798828125, 1.4091796875, 1.4150390625, 1.41796875, 1.41796875, 1.453125, 1.4609375, 1.4853515625, 1.462890625, 1.4921875, 1.5087890625, 1.5068359375, 1.5234375, 1.5439453125, 1.5751953125, 1.5888671875, 1.6181640625, 1.625, 1.7138671875, 1.7978515625, 1.8603515625, 1.8876953125, 1.8994140625, 1.9443359375, 2.68359375, 2.64453125, 2.6484375, 2.6728515625, 2.68359375, 2.697265625, 2.7265625, 2.76171875, 2.7587890625, 2.767578125, 2.751953125, 2.7734375, 2.76953125, 2.7646484375, 2.765625, 2.7724609375, 2.7568359375, 2.765625, 2.79296875, 2.8642578125, 2.88671875, 2.8974609375, 2.916015625, 2.9931640625, 2.9921875, 2.9755859375, 2.96484375, 3.0107421875, 2.9833984375, 2.9990234375, 2.994140625, 2.9833984375, 2.9521484375, 2.896484375, 2.90234375, 2.822265625, 2.8388671875, 2.7958984375, 2.7802734375, 2.75390625, 2.7412109375, 2.755859375, 2.7685546875, 2.75, 2.7646484375, 2.76171875, 2.7646484375, 3.0546875, 18.0234375, 1.8291015625, 3.38671875, 3.5068359375, 3.8798828125, 4.365234375, 5.0517578125, 5.380859375, 5.4580078125, 5.796875, 7.568359375, 8.83984375, 9.8017578125, 10.326171875, 4.9892578125, 5.9873046875, 6.4755859375, 6.1572265625, 6.5185546875, 7.3291015625, 6.9345703125, 6.76953125, 7.1611328125, 7.0283203125, 7.2607421875, 7.810546875, 7.724609375, 7.587890625, 7.68359375, 7.814453125, 7.794921875, 7.6396484375, 7.7490234375, 7.7490234375, 7.865234375, 7.767578125, 8.931640625, 8.9033203125, 8.94140625, 8.9482421875, 8.9482421875, 8.9365234375, 8.9248046875, 8.9189453125, 8.9140625, 8.9033203125, 8.984375, 8.990234375, 8.9814453125, 8.9677734375, 8.9677734375, 8.9970703125, 9.009765625, 9.017578125, 9.0166015625, 9.06640625, 9.095703125, 9.1005859375, 9.107421875, 9.140625]","[55112.0, 55112.0, 55444.0, 55277.0, 55444.0, 55444.0, 55444.0, 55112.0, 55444.0, 55776.0, 55776.0, 56108.0, 56108.0, 56108.0, 55776.0, 55776.0, 55776.0, 56108.0, 55776.0, 55776.0, 55776.0, 55944.0, 55944.0, 55944.0, 55944.0, 56277.0, 55944.0, 55944.0, 55944.0, 55944.0, 56277.0, 56277.0, 55944.0, 55944.0, 55944.0, 55776.0, 55944.0, 55944.0, 55944.0, 55944.0, 55944.0, 55611.0, 56108.0, 55776.0, 55944.0, 55776.0, 55776.0, 55608.0, 55944.0, 55776.0, 55776.0, 55608.0, 55608.0, 55608.0, 55608.0, 55608.0, 55608.0, 55608.0, 55608.0, 55608.0, 55608.0, 55608.0, 55944.0, 55944.0, 55776.0, 55776.0, 55608.0, 55608.0, 55608.0, 55608.0, 55608.0, 55608.0, 55608.0, 55608.0, 55608.0, 55608.0, 55608.0, 55608.0, 55608.0, 55608.0, 55608.0, 55776.0, 55776.0, 55776.0, 55776.0, 55608.0, 55776.0, 55776.0, 55608.0, 55776.0, 55608.0, 55776.0, 55608.0, 55944.0, 34989.0, 30362.0, 29211.0, 30362.0, 31850.0, 32274.0, 31556.0, 31458.0, 30674.0, 30478.0, 30400.0, 30199.0, 29694.0, 28512.0, 23035.0, 16008.0, 14652.0, 14740.0, 14807.0, 14673.0, 14824.0, 14824.0, 14606.0, 14190.0, 14256.0, 14454.0, 14892.0, 14606.0, 14322.0, 14388.0, 14520.0, 14874.0, 15232.0, 15456.0, 14874.0, 14586.0, 14718.0, 15368.0, 15276.0, 15276.0, 15209.0, 15209.0, 15142.0, 15276.0, 15142.0, 15276.0, 15142.0, 15276.0, 15142.0, 15594.0, 15594.0, 15368.0, 15075.0, 14850.0, 14850.0, 14718.0, 14718.0, 14718.0, 14718.0, 14718.0]"
2026-09-09 19:16:45,2026-09-09,cam_39,145,50,8.29,2.62,/home/ashutosh_sharma/sleep-detection/cam_39/2026-09-09/tracked_persons/cam_39_CROP_id145_2026-09-09_19-16-45.jpg,/home/ashutosh_sharma/sleep-detection/cam_39/2026-09-09/tracked_persons/cam_39_FULL_id145_2026-09-09_19-16-45.jpg,"[3.373046875, 5.986328125, 8.2626953125, 10.224609375, 4.521484375, 6.0087890625, 7.375, 8.4765625, 8.873046875, 9.419921875, 9.7373046875, 10.162109375, 3.7607421875, 5.5771484375, 6.6708984375, 8.119140625, 8.8291015625, 9.5625, 10.009765625, 3.201171875, 4.3447265625, 5.37109375, 6.052734375, 6.6552734375, 6.990234375, 7.2978515625, 7.767578125, 7.939453125, 7.9853515625, 7.9501953125, 16.7119140625, 5.8955078125, 9.7001953125, 13.138671875, 6.8173828125, 9.15625, 10.9853515625, 6.640625, 9.5439453125, 11.7001953125, 7.2685546875, 11.4775390625, 8.07421875, 12.515625, 7.6162109375, 10.87890625, 7.845703125, 12.3818359375, 10.1337890625, 9.7216796875]","[36701.0, 36015.0, 37714.0, 41293.0, 43974.0, 45279.0, 47115.0, 48848.0, 49880.0, 48222.0, 45828.0, 44118.0, 42066.0, 40920.0, 39440.0, 38192.0, 38192.0, 38988.0, 38988.0, 38988.0, 39672.0, 39672.0, 39556.0, 39556.0, 40474.0, 40474.0, 40474.0, 40014.0, 39788.0, 40356.0, 41640.0, 42212.0, 42212.0, 41650.0, 40356.0, 41535.0, 38940.0, 37932.0, 37408.0, 36624.0, 38048.0, 39650.0, 38880.0, 40000.0, 38400.0, 37120.0, 36888.0, 37638.0, 36480.0, 34578.0]"
2026-09-09 19:16:55,2026-09-09,cam_39,155,84,3.84,3.07,/home/ashutosh_sharma/sleep-detection/cam_39/2026-09-09/tracked_persons/cam_39_CROP_id155_2026-09-09_19-16-55.jpg,/home/ashutosh_sharma/sleep-detection/cam_39/2026-09-09/tracked_persons/cam_39_FULL_id155_2026-09-09_19-16-55.jpg,"[0.9892578125, 1.3486328125, 1.7060546875, 2.001953125, 2.2060546875, 2.2314453125, 2.416015625, 2.4833984375, 2.576171875, 10.8564453125, 0.6904296875, 1.337890625, 1.474609375, 1.6904296875, 2.0712890625, 2.2294921875, 2.3984375, 2.4560546875, 2.47265625, 2.587890625, 2.640625, 2.7529296875, 2.8193359375, 2.806640625, 4.087890625, 5.572265625, 10.7255859375, 3.28515625, 6.0771484375, 8.2529296875, 9.8056640625, 11.3818359375, 0.4541015625, 0.7421875, 0.890625, 1.2421875, 1.4033203125, 1.6943359375, 1.7890625, 1.748046875, 1.869140625, 2.0205078125, 2.1357421875, 2.28125, 2.625, 3.0185546875, 3.482421875, 4.177734375, 4.447265625, 4.4140625, 4.4794921875, 4.576171875, 4.650390625, 4.70703125, 4.9990234375, 4.9990234375, 4.853515625, 21.41015625, 0.4609375, 0.638671875, 0.8857421875, 1.26953125, 1.734375, 1.923828125, 2.283203125, 2.6044921875, 2.9638671875, 3.4443359375, 4.2119140625, 4.61328125, 4.7119140625, 4.8486328125, 5.1923828125, 5.408203125, 5.6201171875, 5.9287109375, 6.0126953125, 6.16796875, 6.2607421875, 6.37109375, 6.3251953125, 6.3017578125, 6.283203125, 6.3330078125]","[13464.0, 13464.0, 13563.0, 13464.0, 13662.0, 13563.0, 13563.0, 13563.0, 13563.0, 13959.0, 14058.0, 14157.0, 14157.0, 14400.0, 14300.0, 14500.0, 14500.0, 14500.0, 14400.0, 14400.0, 14500.0, 14400.0, 14645.0, 14500.0, 14500.0, 14600.0, 15435.0, 15435.0, 15794.0, 15794.0, 16006.0, 16459.0, 16459.0, 16459.0, 16308.0, 16308.0, 16416.0, 16308.0, 16200.0, 16308.0, 16416.0, 16308.0, 16308.0, 16308.0, 16308.0, 16416.0, 16308.0, 16568.0, 16416.0, 16524.0, 16524.0, 16416.0, 16416.0, 16524.0, 16524.0, 16416.0, 16416.0, 20083.0, 20838.0, 21573.0, 21432.0, 21573.0, 21420.0, 21267.0, 21267.0, 20989.0, 20838.0, 20976.0, 20672.0, 20808.0, 20349.0, 20196.0, 20328.0, 20020.0, 20020.0, 20020.0, 20020.0, 20020.0, 19995.0, 20150.0, 20150.0, 20150.0, 20150.0, 20150.0]"
2026-09-09 19:17:04,2026-09-09,cam_64,184,65,9.60,6.52,/home/ashutosh_sharma/sleep-detection/cam_64/2026-09-09/tracked_persons/cam_64_CROP_id184_2026-09-09_19-17-04.jpg,/home/ashutosh_sharma/sleep-detection/cam_64/2026-09-09/tracked_persons/cam_64_FULL_id184_2026-09-09_19-17-04.jpg,"[4.447265625, 7.0361328125, 8.34765625, 9.44140625, 10.3388671875, 5.140625, 7.8583984375, 20.7353515625, 2.0302734375, 3.69921875, 4.8623046875, 5.9404296875, 6.9697265625, 7.9892578125, 10.1923828125, 6.61328125, 11.01953125, 7.9609375, 13.4853515625, 7.474609375, 11.984375, 7.1923828125, 11.482421875, 8.1728515625, 12.236328125, 5.6376953125, 10.1103515625, 5.1982421875, 8.0791015625, 10.2138671875, 5.5087890625, 9.0166015625, 11.7626953125, 5.708984375, 9.2265625, 12.3291015625, 5.4296875, 11.0244140625, 46.9716796875, 37.9267578125, 6.7958984375, 10.892578125, 6.3564453125, 10.3798828125, 7.1142578125, 11.1689453125, 6.841796875, 10.1611328125, 6.7626953125, 10.875, 6.904296875, 10.1181640625, 7.35546875, 10.81640625, 5.9072265625, 7.7705078125, 9.205078125, 9.224609375, 9.4052734375, 8.6953125, 8.8779296875, 8.349609375, 8.64453125, 9.5888671875, 8.9208984375]","[169905.0, 180500.0, 188442.0, 187460.0, 181944.0, 172536.0, 177099.0, 207350.0, 209202.0, 209364.0, 208647.0, 206353.0, 202758.0, 197892.0, 193590.0, 191706.0, 191065.0, 191860.0, 189225.0, 194109.0, 214032.0, 223189.0, 229191.0, 239525.0, 244288.0, 245322.0, 245973.0, 245915.0, 251344.0, 240656.0, 228114.0, 268213.0, 276219.0, 269192.0, 268182.0, 269806.0, 266170.0, 263406.0, 199872.0, 236992.0, 246753.0, 252216.0, 259956.0, 266960.0, 271080.0, 275575.0, 281960.0, 283107.0, 272976.0, 289135.0, 295230.0, 298941.0, 304094.0, 308345.0, 311119.0, 309326.0, 309326.0, 306078.0, 308066.0, 308256.0, 312060.0, 313320.0, 306680.0, 303750.0, 309824.0]"
2026-09-09 19:17:34,2026-09-09,cam_64,134,159,7.21,5.72,/home/ashutosh_sharma/sleep-detection/cam_64/2026-09-09/tracked_persons/cam_64_CROP_id134_2026-09-09_19-17-34.jpg,/home/ashutosh_sharma/sleep-detection/cam_64/2026-09-09/tracked_persons/cam_64_FULL_id134_2026-09-09_19-17-34.jpg,"[1.798828125, 3.4658203125, 4.39453125, 5.166015625, 5.6083984375, 6.212890625, 6.568359375, 6.4912109375, 6.5439453125, 6.658203125, 6.96875, 8.056640625, 8.69140625, 9.654296875, 10.607421875, 4.0703125, 5.9833984375, 7.671875, 10.0341796875, 5.134765625, 7.5029296875, 9.953125, 11.7119140625, 3.9833984375, 6.5146484375, 8.6103515625, 10.0712890625, 9.0107421875, 28.3720703125, 4.4775390625, 6.765625, 10.1259765625, 5.5078125, 8.23828125, 10.8515625, 6.07421875, 9.1103515625, 11.4541015625, 5.58203125, 7.83203125, 9.3486328125, 10.8291015625, 3.0654296875, 4.95703125, 7.2412109375, 8.19140625, 9.4296875, 10.46484375, 2.509765625, 4.0966796875, 5.7353515625, 6.896484375, 7.9296875, 8.7529296875, 9.7724609375, 10.0869140625, 2.609375, 4.1494140625, 5.1298828125, 6.181640625, 7.1181640625, 8.11328125, 9.7021484375, 7.3701171875, 52.9833984375, 9.1552734375, 11.7080078125, 7.0888671875, 9.904296875, 11.2763671875, 6.0498046875, 8.7666015625, 9.8173828125, 11.4228515625, 5.0517578125, 22.462890625, 1.0205078125, 2.36328125, 3.841796875, 4.8818359375, 6.4794921875, 7.4990234375, 8.6171875, 9.0810546875, 9.865234375, 10.2109375, 2.79296875, 5.1953125, 6.287109375, 7.1171875, 7.3984375, 7.470703125, 8.0048828125, 8.0029296875, 8.0986328125, 8.443359375, 8.6708984375, 9.4814453125, 9.6455078125, 9.9580078125, 10.236328125, 1.76953125, 2.8134765625, 3.6103515625, 4.62109375, 1.82421875, 22.673828125, 22.0556640625, 0.771484375, 1.5361328125, 2.162109375, 2.525390625, 2.8193359375, 3.2685546875, 3.591796875, 3.896484375, 4.083984375, 4.4931640625, 4.9873046875, 5.4716796875, 5.9453125, 6.4599609375, 6.8681640625, 7.267578125, 7.3798828125, 7.529296875, 7.74609375, 8.0009765625, 8.109375, 8.5654296875, 8.771484375, 8.88671875, 8.9326171875, 29.6396484375, 0.400390625, 0.9453125, 1.40625, 1.98828125, 2.330078125, 2.619140625, 2.8056640625, 2.97265625, 3.16015625, 3.240234375, 3.416015625, 3.4912109375, 3.5849609375, 3.5419921875, 3.4755859375, 3.48046875, 3.53515625, 3.5966796875, 3.623046875, 3.6318359375, 3.7939453125, 3.8623046875, 3.9130859375, 3.623046875, 17.33984375]","[142245.0, 141440.0, 141984.0, 143616.0, 144160.0, 143072.0, 142245.0, 132678.0, 131586.0, 127451.0, 123622.0, 122204.0, 120887.0, 118699.0, 117820.0, 116937.0, 116388.0, 115417.0, 115872.0, 113729.0, 115025.0, 117130.0, 126720.0, 129922.0, 129978.0, 133376.0, 133644.0, 138288.0, 140694.0, 137984.0, 145256.0, 145792.0, 148237.0, 159817.0, 159302.0, 163833.0, 163016.0, 162734.0, 163872.0, 163306.0, 168150.0, 160451.0, 161304.0, 157872.0, 143175.0, 145078.0, 143507.0, 142835.0, 148258.0, 147924.0, 155290.0, 153532.0, 153794.0, 150859.0, 145665.0, 146163.0, 144989.0, 144402.0, 145576.0, 147000.0, 146163.0, 142641.0, 139815.0, 161491.0, 128520.0, 130290.0, 127332.0, 134460.0, 137724.0, 134552.0, 136566.0, 138670.0, 139872.0, 140560.0, 139278.0, 145878.0, 145557.0, 145557.0, 146156.0, 145557.0, 144118.0, 143280.0, 141015.0, 143395.0, 140778.0, 136390.0, 130460.0, 125545.0, 124355.0, 126735.0, 132090.0, 138635.0, 141966.0, 143154.0, 143748.0, 143395.0, 143395.0, 143636.0, 142205.0, 140420.0, 140060.0, 139101.0, 137907.0, 136116.0, 135519.0, 137907.0, 151174.0, 178640.0, 183024.0, 182696.0, 181025.0, 180930.0, 180375.0, 180930.0, 182595.0, 182595.0, 182595.0, 182595.0, 180375.0, 179820.0, 179265.0, 179911.0, 182696.0, 181025.0, 182466.0, 181350.0, 180234.0, 180234.0, 180234.0, 180234.0, 176886.0, 175770.0, 176569.0, 135424.0, 134385.0, 138601.0, 135966.0, 133331.0, 125953.0, 123845.0, 123257.0, 124315.0, 134366.0, 124844.0, 125373.0, 134366.0, 135953.0, 138069.0, 139127.0, 140185.0, 139656.0, 140185.0, 140185.0, 140185.0, 140185.0, 140185.0, 139656.0, 140185.0, 87087.0]"
2026-09-09 19:18:06,2026-09-09,cam_64,201,75,7.00,3.77,/home/ashutosh_sharma/sleep-detection/cam_64/2026-09-09/tracked_persons/cam_64_CROP_id201_2026-09-09_19-18-06.jpg,/home/ashutosh_sharma/sleep-detection/cam_64/2026-09-09/tracked_persons/cam_64_FULL_id201_2026-09-09_19-18-06.jpg,"[0.5517578125, 1.1240234375, 1.7529296875, 2.3876953125, 3.41796875, 4.271484375, 5.2099609375, 6.189453125, 6.6318359375, 6.71484375, 6.9619140625, 7.416015625, 8.3837890625, 8.3232421875, 8.451171875, 8.3271484375, 8.1669921875, 8.2734375, 8.7109375, 8.3369140625, 8.646484375, 8.681640625, 16.6376953125, 0.431640625, 1.087890625, 1.74609375, 2.3671875, 2.8408203125, 3.234375, 3.603515625, 3.9638671875, 4.3134765625, 4.6953125, 4.921875, 5.1826171875, 5.623046875, 6.060546875, 6.2041015625, 6.4384765625, 6.625, 6.697265625, 7.037109375, 7.310546875, 7.6767578125, 7.72265625, 7.947265625, 7.505859375, 12.541015625, 23.8271484375, 2.63671875, 3.4814453125, 4.98046875, 5.9541015625, 7.091796875, 8.517578125, 10.58984375, 4.71875, 7.376953125, 9.4794921875, 12.2177734375, 4.337890625, 6.8896484375, 8.908203125, 9.9658203125, 10.494140625, 4.521484375, 7.380859375, 9.5615234375, 11.052734375, 6.5185546875, 10.845703125, 8.7685546875, 14.341796875, 9.17578125, 14.3759765625]","[98252.0, 98736.0, 98736.0, 98736.0, 99498.0, 98940.0, 98940.0, 97970.0, 97970.0, 99144.0, 100880.0, 102335.0, 105245.0, 106215.0, 106920.0, 109575.0, 109575.0, 105679.0, 106113.0, 105135.0, 101712.0, 98374.0, 100048.0, 99567.0, 99567.0, 101010.0, 101010.0, 101010.0, 101010.0, 101491.0, 101972.0, 102453.0, 102934.0, 103415.0, 103415.0, 104328.0, 104811.0, 104760.0, 103790.0, 103790.0, 104275.0, 104275.0, 99144.0, 97485.0, 97000.0, 95545.0, 101156.0, 98861.0, 96913.0, 95060.0, 94575.0, 94575.0, 93405.0, 95122.0, 95000.0, 95546.0, 95748.0, 96696.0, 96019.0, 95475.0, 94525.0, 94248.0, 93492.0, 93296.0, 92344.0, 91107.0, 90630.0, 89676.0, 89676.0, 89676.0, 88722.0, 87952.0, 86925.0, 89586.0, 93654.0]"
2026-09-09 19:18:48,2026-09-09,cam_25,199,122,6.93,7.08,/home/ashutosh_sharma/sleep-detection/cam_25/2026-09-09/tracked_persons/cam_25_CROP_id199_2026-09-09_19-18-48.jpg,/home/ashutosh_sharma/sleep-detection/cam_25/2026-09-09/tracked_persons/cam_25_FULL_id199_2026-09-09_19-18-48.jpg,"[1.646484375, 3.087890625, 4.501953125, 5.814453125, 6.8671875, 7.9619140625, 9.0888671875, 9.9833984375, 10.888671875, 2.4775390625, 4.0673828125, 5.2978515625, 6.6591796875, 8.080078125, 9.181640625, 10.4599609375, 69.1826171875, 0.5634765625, 0.96875, 1.173828125, 1.2470703125, 1.4501953125, 1.51171875, 1.7080078125, 1.8759765625, 2.1787109375, 2.341796875, 2.892578125, 3.0703125, 3.2919921875, 3.74609375, 4.0986328125, 4.6611328125, 5.10546875, 5.3349609375, 5.66796875, 5.875, 6.072265625, 6.1533203125, 6.296875, 6.3955078125, 6.265625, 6.330078125, 6.26953125, 6.2685546875, 6.3369140625, 6.216796875, 6.3994140625, 6.3828125, 6.5166015625, 6.6220703125, 6.8037109375, 6.9326171875, 6.869140625, 6.93359375, 7.0087890625, 6.96484375, 6.9736328125, 6.853515625, 6.9951171875, 7.06640625, 7.193359375, 7.3681640625, 7.501953125, 7.6103515625, 7.6630859375, 8.1865234375, 8.166015625, 8.283203125, 16.267578125, 3.154296875, 4.4892578125, 6.0439453125, 7.5615234375, 9.3173828125, 11.9267578125, 4.4541015625, 7.6494140625, 9.97265625, 11.9169921875, 3.4404296875, 7.0302734375, 10.2021484375, 5.484375, 9.6611328125, 13.5107421875, 5.421875, 9.0849609375, 42.6708984375, 0.7177734375, 1.0771484375, 2.0771484375, 2.62109375, 3.1552734375, 3.8203125, 4.06640625, 4.513671875, 4.9267578125, 5.0810546875, 5.2138671875, 5.2197265625, 5.2890625, 5.384765625, 5.7236328125, 5.8115234375, 6.01171875, 6.154296875, 6.0712890625, 6.275390625, 6.6455078125, 7.146484375, 7.400390625, 7.4814453125, 7.6298828125, 7.8408203125, 8.052734375, 8.1826171875, 8.2744140625, 8.3125, 8.47265625, 8.5009765625, 8.5419921875]","[31270.0, 31565.0, 31565.0, 31565.0, 31565.0, 31565.0, 31565.0, 31752.0, 31752.0, 31937.0, 31937.0, 32230.0, 31937.0, 31937.0, 31937.0, 31937.0, 23572.0, 22357.0, 22436.0, 22515.0, 22515.0, 22515.0, 22515.0, 22515.0, 22515.0, 22515.0, 22594.0, 22673.0, 22673.0, 22673.0, 22594.0, 22594.0, 22436.0, 22436.0, 22515.0, 22515.0, 22515.0, 22515.0, 22515.0, 22673.0, 22673.0, 22673.0, 22673.0, 22831.0, 22831.0, 22910.0, 22831.0, 22831.0, 22752.0, 22752.0, 22752.0, 22831.0, 22831.0, 22673.0, 22673.0, 22386.0, 22386.0, 22253.0, 22542.0, 22542.0, 22386.0, 22386.0, 22386.0, 22230.0, 22230.0, 21945.0, 22436.0, 22515.0, 22357.0, 21462.0, 21535.0, 21681.0, 21681.0, 21535.0, 21535.0, 21316.0, 21316.0, 21825.0, 21243.0, 21825.0, 23862.0, 26190.0, 28518.0, 30846.0, 32592.0, 34047.0, 34281.0, 33465.0, 27993.0, 27482.0, 27180.0, 27360.0, 27450.0, 27755.0, 27755.0, 28060.0, 27755.0, 27755.0, 27755.0, 28060.0, 28060.0, 27968.0, 27968.0, 28060.0, 27876.0, 27876.0, 27968.0, 28060.0, 28060.0, 28060.0, 28060.0, 27876.0, 27876.0, 27968.0, 27876.0, 27876.0, 27876.0, 27968.0, 28060.0, 27876.0, 27876.0, 27784.0]"
2026-09-09 19:18:48,2026-09-09,cam_25,200,122,5.91,3.11,/home/ashutosh_sharma/sleep-detection/cam_25/2026-09-09/tracked_persons/cam_25_CROP_id200_2026-09-09_19-18-48.jpg,/home/ashutosh_sharma/sleep-detection/cam_25/2026-09-09/tracked_persons/cam_25_FULL_id200_2026-09-09_19-18-48.jpg,"[1.8828125, 3.4248046875, 4.9697265625, 6.0361328125, 6.7275390625, 7.4091796875, 7.755859375, 8.0107421875, 8.5712890625, 8.7431640625, 8.791015625, 8.4462890625, 8.1181640625, 7.943359375, 8.6875, 9.837890625, 21.2119140625, 0.43359375, 0.775390625, 0.884765625, 1.0419921875, 1.2666015625, 1.4169921875, 1.5869140625, 1.91796875, 2.3408203125, 2.62109375, 2.693359375, 2.8701171875, 3.0908203125, 3.2939453125, 3.509765625, 3.5712890625, 3.70703125, 3.8916015625, 4.1640625, 4.205078125, 4.353515625, 4.365234375, 4.4111328125, 4.4501953125, 4.4736328125, 4.52734375, 4.5537109375, 4.5703125, 4.5439453125, 4.5625, 4.544921875, 4.3330078125, 4.150390625, 4.1279296875, 4.1513671875, 4.138671875, 4.1611328125, 4.1591796875, 4.1484375, 4.140625, 4.12890625, 4.1240234375, 4.1611328125, 4.1748046875, 4.1875, 4.2568359375, 4.37890625, 4.5458984375, 4.6083984375, 5.525390625, 5.5068359375, 5.515625, 7.8046875, 7.787109375, 7.8369140625, 7.828125, 7.84375, 7.8759765625, 7.931640625, 7.919921875, 7.900390625, 7.9912109375, 8.09765625, 8.0986328125, 8.1142578125, 8.1171875, 8.15234375, 8.203125, 8.2138671875, 8.265625, 8.2939453125, 18.0712890625, 3.6416015625, 6.119140625, 7.9794921875, 8.4306640625, 9.1640625, 9.6826171875, 10.12109375, 1.3271484375, 2.326171875, 3.244140625, 4.1025390625, 4.6953125, 5.1572265625, 5.6875, 6.361328125, 7.12109375, 7.9873046875, 8.5595703125, 9.1796875, 9.6416015625, 9.9677734375, 10.4765625, 1.8603515625, 3.126953125, 4.1884765625, 5.77734375, 7.34765625, 9.0419921875, 11.279296875, 4.7578125, 8.095703125, 11.0390625, 5.7548828125]","[21141.0, 21141.0, 21141.0, 21296.0, 21296.0, 21538.0, 21538.0, 21627.0, 21627.0, 21627.0, 21627.0, 21627.0, 21627.0, 21538.0, 21538.0, 21296.0, 22990.0, 23328.0, 23328.0, 23328.0, 23328.0, 23328.0, 23328.0, 23085.0, 23328.0, 23328.0, 23328.0, 23328.0, 23328.0, 23136.0, 23136.0, 23136.0, 23136.0, 23328.0, 23328.0, 23232.0, 23328.0, 23328.0, 23424.0, 23328.0, 23328.0, 23328.0, 23328.0, 23424.0, 23328.0, 23328.0, 23328.0, 23328.0, 23328.0, 23328.0, 23328.0, 23328.0, 23328.0, 23424.0, 23520.0, 23520.0, 23424.0, 23328.0, 23328.0, 23328.0, 23328.0, 23571.0, 23328.0, 23328.0, 23424.0, 23328.0, 23085.0, 23085.0, 22842.0, 23180.0, 23275.0, 23030.0, 23275.0, 23275.0, 23275.0, 23275.0, 23275.0, 23275.0, 23275.0, 23180.0, 23085.0, 23085.0, 23085.0, 23085.0, 23085.0, 23085.0, 23085.0, 23424.0, 21576.0, 21483.0, 21576.0, 21948.0, 21948.0, 21855.0, 22041.0, 22184.0, 22184.0, 22325.0, 22325.0, 22420.0, 22515.0, 22515.0, 22515.0, 22705.0, 22610.0, 22466.0, 22705.0, 22466.0, 22654.0, 22654.0, 22654.0, 22654.0, 22800.0, 22895.0, 22895.0, 22990.0, 23040.0, 23183.0, 23377.0, 23958.0, 24341.0, 25200.0]"
2026-09-09 19:18:49,2026-09-09,cam_03,3,343,7.08,5.77,/home/ashutosh_sharma/sleep-detection/cam_03/2026-09-09/tracked_persons/cam_03_CROP_id3_2026-09-09_19-18-49.jpg,/home/ashutosh_sharma/sleep-detection/cam_03/2026-09-09/tracked_persons/cam_03_FULL_id3_2026-09-09_19-18-49.jpg,"[3.548828125, 5.611328125, 48.4189453125, 0.236328125, 0.529296875, 0.8720703125, 1.2666015625, 1.556640625, 1.7216796875, 1.83203125, 2.0517578125, 2.1328125, 2.1884765625, 2.2880859375, 2.3857421875, 2.5048828125, 2.7060546875, 3.025390625, 3.4375, 3.8759765625, 4.3076171875, 4.7900390625, 5.1513671875, 5.501953125, 5.7275390625, 5.8408203125, 5.994140625, 6.2001953125, 6.3583984375, 6.48828125, 6.4814453125, 6.6279296875, 6.6328125, 6.6572265625, 6.72265625, 6.72265625, 6.8779296875, 7.28125, 7.5830078125, 7.859375, 8.396484375, 8.830078125, 9.333984375, 9.701171875, 10.2216796875, 1.869140625, 3.283203125, 4.2646484375, 4.9267578125, 5.37109375, 5.6865234375, 5.8974609375, 28.359375, 10.0712890625, 11.1044921875, 11.7138671875, 11.94921875, 10.4140625, 11.2822265625, 11.3349609375, 11.77734375, 10.6787109375, 11.50390625, 11.0771484375, 11.884765625, 10.5341796875, 10.279296875, 8.1328125, 12.3525390625, 7.2822265625, 11.3486328125, 6.826171875, 10.0966796875, 6.0458984375, 8.5791015625, 10.7548828125, 4.3046875, 7.11328125, 10.283203125, 5.9892578125, 11.189453125, 6.6025390625, 9.65234375, 11.4345703125, 6.462890625, 9.501953125, 12.8662109375, 8.875, 12.5830078125, 26.1298828125, 1.0986328125, 2.357421875, 3.458984375, 4.6611328125, 5.646484375, 6.564453125, 7.2275390625, 7.890625, 8.8134765625, 9.3544921875, 9.8505859375, 10.728515625, 1.9931640625, 2.9765625, 3.435546875, 3.673828125, 4.103515625, 4.2880859375, 5.11328125, 5.3583984375, 5.875, 5.9716796875, 6.095703125, 6.3662109375, 6.6962890625, 6.8349609375, 6.8369140625, 7.1025390625, 7.3037109375, 7.6591796875, 7.4951171875, 7.3095703125, 7.4794921875, 8.0439453125, 9.091796875, 10.2890625, 3.1220703125, 4.7919921875, 5.5546875, 6.494140625, 7.095703125, 8.0341796875, 8.744140625, 9.3662109375, 9.7822265625, 10.4052734375, 1.9921875, 3.076171875, 4.302734375, 6.1005859375, 6.3759765625, 6.85546875, 7.3046875, 8.017578125, 8.4541015625, 8.6240234375, 9.06640625, 17.279296875, 2.41796875, 3.53125, 4.17578125, 4.689453125, 5.2099609375, 5.6826171875, 6.302734375, 6.666015625, 7.490234375, 7.6640625, 8.0947265625, 8.4169921875, 8.640625, 9.076171875, 9.4658203125, 9.8056640625, 10.318359375, 1.55859375, 3.2177734375, 5.05859375, 7.8291015625, 9.4560546875, 10.7548828125, 3.55859375, 5.8193359375, 7.4345703125, 8.4091796875, 9.1494140625, 9.7373046875, 10.25, 1.5732421875, 2.943359375, 4.06640625, 5.2744140625, 6.31640625, 6.990234375, 7.4921875, 7.7333984375, 7.994140625, 8.1904296875, 8.345703125, 8.6318359375, 8.671875, 9.2900390625, 9.62109375, 9.9091796875, 10.3818359375, 2.3095703125, 34.1533203125, 2.0791015625, 3.525390625, 4.734375, 5.6552734375, 6.484375, 7.1962890625, 7.7529296875, 8.12109375, 8.2900390625, 8.369140625, 8.509765625, 8.6357421875, 8.6943359375, 8.7763671875, 8.8681640625, 8.9794921875, 9.1826171875, 9.2880859375, 9.349609375, 9.390625, 9.5078125, 9.6845703125, 9.8095703125, 9.9287109375, 10.0703125, 0.380859375, 0.6533203125, 0.841796875, 1.033203125, 1.2265625, 1.3759765625, 1.4873046875, 1.61328125, 1.7783203125, 1.8271484375, 1.98828125, 2.0517578125, 2.208984375, 2.35546875, 2.4384765625, 2.546875, 2.6328125, 2.7216796875, 2.849609375, 2.9443359375, 3.025390625, 3.111328125, 3.189453125, 3.2509765625, 4.197265625, 4.1943359375, 4.2265625, 4.2548828125, 4.2607421875, 4.3037109375, 4.3046875, 4.388671875, 4.4833984375, 4.63671875, 4.732421875, 4.951171875, 5.126953125, 5.2705078125, 5.4755859375, 5.57421875, 5.724609375, 5.904296875, 5.935546875, 5.98046875, 5.8564453125, 5.8662109375, 5.892578125, 5.8935546875, 5.9013671875, 5.8818359375, 6.037109375, 6.0888671875, 6.21484375, 6.3173828125, 6.537109375, 6.6298828125, 6.748046875, 6.9365234375, 7.0244140625, 7.1943359375, 8.4306640625, 28.044921875, 0.8251953125, 1.59375, 2.560546875, 3.5703125, 4.3017578125, 5.06640625, 6.0625, 6.7431640625, 7.509765625, 8.1533203125, 24.3505859375, 23.029296875, 35.32421875, 3.2744140625, 4.6875, 5.9638671875, 6.87890625, 7.3515625, 7.66015625, 7.5537109375, 7.48828125, 8.283203125, 10.583984375, 2.7001953125, 4.248046875, 5.3251953125, 5.4814453125, 4.6689453125, 4.7236328125, 4.8779296875, 6.2587890625, 29.1123046875, 6.5703125, 9.8115234375, 39.130859375, 1.7705078125, 2.5546875, 3.576171875, 4.033203125, 4.2802734375, 4.267578125, 4.5380859375, 4.6845703125, 4.5625, 4.7568359375, 5.1962890625, 5.677734375, 5.345703125, 5.1396484375, 5.162109375, 5.509765625, 5.388671875, 5.1767578125, 5.0751953125, 5.005859375, 5.115234375, 5.109375, 9.0732421875, 50.109375]","[193420.0, 192911.0, 238445.0, 240580.0, 240120.0, 240120.0, 240120.0, 240120.0, 240120.0, 240120.0, 239598.0, 240580.0, 240120.0, 240120.0, 240120.0, 241103.0, 241103.0, 240642.0, 242149.0, 242672.0, 243195.0, 244708.0, 244708.0, 244708.0, 245700.0, 245232.0, 245700.0, 245756.0, 245756.0, 247275.0, 247275.0, 247800.0, 248325.0, 248325.0, 249375.0, 250376.0, 251954.0, 251954.0, 253006.0, 253532.0, 254058.0, 255110.0, 255188.0, 256236.0, 257839.0, 258362.0, 259408.0, 260428.0, 259380.0, 258332.0, 258856.0, 259380.0, 277693.0, 285688.0, 294833.0, 290878.0, 303924.0, 294636.0, 288660.0, 293184.0, 287076.0, 304640.0, 315180.0, 309683.0, 311400.0, 317200.0, 318052.0, 314053.0, 308382.0, 297660.0, 291788.0, 289003.0, 283672.0, 287157.0, 291756.0, 293632.0, 294909.0, 300819.0, 300310.0, 291739.0, 273867.0, 250098.0, 239249.0, 231660.0, 232560.0, 234110.0, 230684.0, 229140.0, 244098.0, 260304.0, 260865.0, 262548.0, 263109.0, 263670.0, 267597.0, 279248.0, 281500.0, 275380.0, 264231.0, 259543.0, 250860.0, 248724.0, 247157.0, 247032.0, 246468.0, 248283.0, 248283.0, 248283.0, 244645.0, 244645.0, 245775.0, 247470.0, 247720.0, 248035.0, 249165.0, 247470.0, 246031.0, 246340.0, 245468.0, 244080.0, 241255.0, 242385.0, 241820.0, 241255.0, 240264.0, 238149.0, 238986.0, 240669.0, 241056.0, 239510.0, 239080.0, 237790.0, 236808.0, 235828.0, 235828.0, 233805.0, 232089.0, 231231.0, 230692.0, 230050.0, 229620.0, 229190.0, 229086.0, 228124.0, 227058.0, 228018.0, 227484.0, 236720.0, 234669.0, 233058.0, 230154.0, 228124.0, 229190.0, 229190.0, 229515.0, 229515.0, 228980.0, 228980.0, 227484.0, 227058.0, 225459.0, 226840.0, 226728.0, 227264.0, 227151.0, 226077.0, 225120.0, 225120.0, 224700.0, 224700.0, 224165.0, 223630.0, 224165.0, 223512.0, 222560.0, 222261.0, 222261.0, 222678.0, 222261.0, 221728.0, 221958.0, 222489.0, 222489.0, 222180.0, 220920.0, 220080.0, 219137.0, 219137.0, 219137.0, 218614.0, 218614.0, 219450.0, 221122.0, 217350.0, 215476.0, 214652.0, 223992.0, 223992.0, 225090.0, 224817.0, 225639.0, 226050.0, 227012.0, 227286.0, 227286.0, 227835.0, 227835.0, 227552.0, 228099.0, 227682.0, 228099.0, 227682.0, 228099.0, 227265.0, 226304.0, 225760.0, 226304.0, 226848.0, 225888.0, 226431.0, 225888.0, 226431.0, 225888.0, 226974.0, 226431.0, 226974.0, 227392.0, 231080.0, 228900.0, 228355.0, 228355.0, 227517.0, 227517.0, 227517.0, 226974.0, 227517.0, 227936.0, 226848.0, 226431.0, 226431.0, 226431.0, 226974.0, 226974.0, 226431.0, 226974.0, 226974.0, 227936.0, 227936.0, 227936.0, 227936.0, 227936.0, 227936.0, 227936.0, 227392.0, 227936.0, 227392.0, 226848.0, 226848.0, 227392.0, 227810.0, 227265.0, 226720.0, 227136.0, 229740.0, 227682.0, 227552.0, 226720.0, 226720.0, 227136.0, 227265.0, 227682.0, 227682.0, 227682.0, 227682.0, 227682.0, 227136.0, 226590.0, 226590.0, 226590.0, 226590.0, 227136.0, 227136.0, 227682.0, 212392.0, 211660.0, 211103.0, 211103.0, 211103.0, 210546.0, 210724.0, 210724.0, 210168.0, 210168.0, 211103.0, 258718.0, 214060.0, 338990.0, 346731.0, 346656.0, 347837.0, 347837.0, 348943.0, 348943.0, 348312.0, 347837.0, 348390.0, 348943.0, 347760.0, 348943.0, 347208.0, 347837.0, 347837.0, 347837.0, 347837.0, 346104.0, 206567.0, 212915.0, 223585.0, 224672.0, 223720.0, 225616.0, 226088.0, 226560.0, 226088.0, 227513.0, 227513.0, 227032.0, 227040.0, 227513.0, 226567.0, 227040.0, 226551.0, 227022.0, 227022.0, 227513.0, 227022.0, 227493.0, 227986.0, 227513.0, 227504.0, 227986.0, 239338.0, 151815.0]"
2026-09-09 19:19:18,2026-09-09,cam_64,201,65,7.97,4.84,/home/ashutosh_sharma/sleep-detection/cam_64/2026-09-09/tracked_persons/cam_64_CROP_id201_2026-09-09_19-19-18.jpg,/home/ashutosh_sharma/sleep-detection/cam_64/2026-09-09/tracked_persons/cam_64_FULL_id201_2026-09-09_19-19-18.jpg,"[0.46875, 1.2880859375, 1.7666015625, 2.1513671875, 2.654296875, 3.048828125, 3.271484375, 3.48828125, 3.5859375, 3.7666015625, 4.00390625, 4.3037109375, 5.57421875, 16.3984375, 0.0, 0.0, 33.1845703125, 5.9794921875, 9.09765625, 10.509765625, 5.8505859375, 9.5859375, 12.2548828125, 7.62109375, 11.2666015625, 6.54296875, 8.94921875, 10.8505859375, 5.6875, 7.521484375, 9.619140625, 9.7626953125, 12.353515625, 7.4267578125, 12.5263671875, 7.7431640625, 12.6435546875, 7.9111328125, 14.4765625, 10.296875, 9.7763671875, 13.4462890625, 6.6259765625, 11.0126953125, 7.0361328125, 9.7509765625, 11.970703125, 5.400390625, 8.138671875, 9.3134765625, 10.8154296875, 6.380859375, 9.5986328125, 12.0302734375, 5.6982421875, 8.818359375, 10.6826171875, 3.7705078125, 6.1103515625, 8.7392578125, 9.6123046875, 10.8974609375, 4.4541015625, 6.296875, 6.296875]","[101220.0, 100947.0, 100464.0, 101430.0, 101010.0, 100738.0, 100947.0, 101430.0, 101430.0, 101430.0, 101430.0, 101430.0, 101010.0, 89870.0, 88548.0, 88548.0, 88938.0, 89304.0, 89976.0, 89976.0, 89976.0, 90835.0, 90954.0, 90954.0, 90465.0, 89976.0, 89976.0, 90160.0, 89976.0, 89608.0, 89424.0, 89424.0, 93605.0, 94284.0, 100322.0, 107848.0, 102820.0, 114894.0, 95939.0, 94965.0, 93991.0, 93798.0, 93605.0, 93991.0, 93798.0, 93312.0, 93798.0, 93120.0, 93504.0, 94284.0, 94090.0, 96030.0, 95060.0, 95060.0, 94575.0, 94380.0, 94185.0, 93702.0, 94757.0, 95238.0, 96200.0, 95238.0, 95436.0, 96200.0, 95800.0]"
2026-09-09 19:19:43,2026-09-09,cam_64,242,71,7.69,6.91,/home/ashutosh_sharma/sleep-detection/cam_64/2026-09-09/tracked_persons/cam_64_CROP_id242_2026-09-09_19-19-43.jpg,/home/ashutosh_sharma/sleep-detection/cam_64/2026-09-09/tracked_persons/cam_64_FULL_id242_2026-09-09_19-19-43.jpg,"[1.8271484375, 2.892578125, 4.392578125, 5.4619140625, 6.5185546875, 7.265625, 8.0087890625, 8.560546875, 9.3671875, 10.447265625, 2.9423828125, 4.859375, 6.40625, 7.7880859375, 9.2080078125, 10.4453125, 2.7109375, 5.3349609375, 7.50390625, 9.0615234375, 10.7939453125, 3.609375, 5.7802734375, 7.9638671875, 9.46875, 10.4619140625, 2.7958984375, 5.09765625, 7.55078125, 10.3505859375, 4.7890625, 7.9990234375, 10.9560546875, 4.541015625, 8.2685546875, 10.8369140625, 3.9560546875, 5.3212890625, 6.43359375, 7.7431640625, 8.2333984375, 9.578125, 10.3056640625, 2.7705078125, 4.7373046875, 6.439453125, 8.189453125, 8.189453125, 61.416015625, 3.3798828125, 5.291015625, 6.6982421875, 8.2802734375, 9.30078125, 9.65625, 10.25390625, 1.9296875, 3.275390625, 4.1298828125, 4.859375, 5.765625, 6.568359375, 7.7333984375, 8.7919921875, 10.52734375, 5.0048828125, 8.51171875, 10.9296875, 4.4599609375, 6.9267578125, 8.2626953125]","[77172.0, 78480.0, 77608.0, 78044.0, 78044.0, 79352.0, 80224.0, 80660.0, 81532.0, 82404.0, 84727.0, 86526.0, 87560.0, 88200.0, 88400.0, 88400.0, 88400.0, 88400.0, 89043.0, 89523.0, 89929.0, 89929.0, 89726.0, 93051.0, 90372.0, 89486.0, 89043.0, 88641.0, 88641.0, 88641.0, 86922.0, 87120.0, 87318.0, 86385.0, 87318.0, 87074.0, 85166.0, 81282.0, 79605.0, 78735.0, 76641.0, 74820.0, 73950.0, 72311.0, 70905.0, 69165.0, 66555.0, 66555.0, 67230.0, 66000.0, 67732.0, 70125.0, 72105.0, 71012.0, 64476.0, 61502.0, 64640.0, 66815.0, 63840.0, 67840.0, 61280.0, 59943.0, 60800.0, 60750.0, 61710.0, 62328.0, 62730.0, 63812.0, 65296.0, 67304.0, 66729.0]"
2026-09-09 19:19:43,2026-09-09,cam_64,218,71,7.60,4.09,/home/ashutosh_sharma/sleep-detection/cam_64/2026-09-09/tracked_persons/cam_64_CROP_id218_2026-09-09_19-19-43.jpg,/home/ashutosh_sharma/sleep-detection/cam_64/2026-09-09/tracked_persons/cam_64_FULL_id218_2026-09-09_19-19-43.jpg,"[3.755859375, 6.056640625, 7.54296875, 9.083984375, 10.689453125, 3.6923828125, 5.896484375, 7.046875, 8.09765625, 9.07421875, 9.994140625, 10.4208984375, 2.0205078125, 3.513671875, 4.5517578125, 5.498046875, 6.3876953125, 6.82421875, 7.6435546875, 8.41015625, 9.6435546875, 10.796875, 3.1123046875, 5.265625, 6.91015625, 7.470703125, 8.0126953125, 8.7470703125, 9.8701171875, 10.6796875, 3.34375, 5.6826171875, 7.388671875, 8.103515625, 8.97265625, 9.7919921875, 11.0556640625, 2.8818359375, 4.494140625, 5.8896484375, 8.0048828125, 9.3154296875, 10.48046875, 2.5478515625, 4.482421875, 6.25390625, 7.326171875, 7.326171875, 35.12890625, 3.11328125, 4.7939453125, 5.755859375, 6.724609375, 7.283203125, 7.958984375, 8.40625, 8.8046875, 9.36328125, 9.423828125, 10.0859375, 2.9248046875, 5.5361328125, 6.5810546875, 8.1025390625, 9.2568359375, 10.783203125, 4.005859375, 7.2724609375, 9.451171875, 11.9375, 6.564453125]","[98988.0, 92865.0, 88076.0, 80181.0, 86976.0, 87622.0, 86070.0, 79170.0, 79552.0, 79275.0, 81360.0, 82082.0, 81631.0, 79650.0, 80278.0, 79376.0, 79827.0, 78126.0, 78848.0, 78225.0, 78225.0, 77875.0, 76812.0, 77525.0, 76639.0, 76639.0, 75753.0, 76639.0, 76639.0, 70310.0, 77875.0, 78588.0, 79655.0, 81435.0, 81880.0, 83848.0, 84105.0, 83215.0, 83848.0, 85377.0, 85377.0, 87360.0, 88453.0, 88902.0, 89800.0, 90698.0, 91147.0, 90048.0, 101475.0, 103719.0, 103950.0, 122850.0, 130368.0, 104598.0, 101696.0, 100800.0, 101474.0, 101025.0, 99671.0, 100350.0, 101923.0, 104168.0, 109142.0, 112797.0, 113904.0, 113703.0, 112840.0, 108745.0, 103285.0, 98012.0, 96767.0]"
2026-09-09 19:19:47,2026-09-09,cam_39,225,79,4.92,3.05,/home/ashutosh_sharma/sleep-detection/cam_39/2026-09-09/tracked_persons/cam_39_CROP_id225_2026-09-09_19-19-47.jpg,/home/ashutosh_sharma/sleep-detection/cam_39/2026-09-09/tracked_persons/cam_39_FULL_id225_2026-09-09_19-19-47.jpg,"[0.7138671875, 1.236328125, 2.0087890625, 3.095703125, 3.81640625, 4.2666015625, 4.6611328125, 5.0986328125, 5.3271484375, 5.62890625, 6.1103515625, 6.7158203125, 7.1025390625, 7.29296875, 7.2275390625, 13.4814453125, 3.5751953125, 5.3486328125, 6.494140625, 7.384765625, 8.0419921875, 8.5244140625, 8.5185546875, 8.96875, 9.6767578125, 10.162109375, 1.7724609375, 3.091796875, 3.5625, 3.8994140625, 9.8359375, 9.8310546875, 10.236328125, 0.6826171875, 1.21484375, 1.3974609375, 1.6162109375, 1.7890625, 2.08984375, 2.396484375, 2.58984375, 2.6796875, 2.7412109375, 2.927734375, 3.0458984375, 3.23046875, 3.396484375, 3.3623046875, 3.951171875, 5.37109375, 6.2177734375, 7.0390625, 7.8037109375, 8.6650390625, 9.908203125, 10.896484375, 3.150390625, 5.1220703125, 6.81640625, 8.0546875, 8.7177734375, 12.6962890625, 0.8525390625, 1.15625, 1.3837890625, 1.6953125, 1.931640625, 2.0107421875, 2.353515625, 2.63671875, 2.9296875, 3.0927734375, 3.2470703125, 3.365234375, 3.703125, 3.7060546875, 3.9501953125, 4.1162109375, 4.271484375]","[12052.0, 12276.0, 12502.0, 12672.0, 12672.0, 12672.0, 12672.0, 12768.0, 12768.0, 13034.0, 13034.0, 13034.0, 12936.0, 12936.0, 13034.0, 11997.0, 12610.0, 13416.0, 13910.0, 14430.0, 14820.0, 15196.0, 15065.0, 15196.0, 15327.0, 15210.0, 14950.0, 15080.0, 15340.0, 15210.0, 11904.0, 10710.0, 12255.0, 12870.0, 12870.0, 12870.0, 12870.0, 13000.0, 13000.0, 12870.0, 12771.0, 12771.0, 13000.0, 13000.0, 13000.0, 12740.0, 13000.0, 12740.0, 12513.0, 11997.0, 11776.0, 12126.0, 11844.0, 11750.0, 11656.0, 11685.0, 10890.0, 10890.0, 10800.0, 10769.0, 10680.0, 10440.0, 10353.0, 10353.0, 10148.0, 10148.0, 10030.0, 10030.0, 10030.0, 10234.0, 10200.0, 10320.0, 10115.0, 9639.0, 9639.0, 9877.0, 10115.0, 10200.0, 10320.0]"
2026-09-09 19:20:32,2026-09-09,cam_25,199,95,9.17,6.68,/home/ashutosh_sharma/sleep-detection/cam_25/2026-09-09/tracked_persons/cam_25_CROP_id199_2026-09-09_19-20-32.jpg,/home/ashutosh_sharma/sleep-detection/cam_25/2026-09-09/tracked_persons/cam_25_FULL_id199_2026-09-09_19-20-32.jpg,"[5.1005859375, 9.24609375, 10.7197265625, 5.1640625, 8.1796875, 10.1572265625, 4.1826171875, 6.841796875, 9.115234375, 10.6650390625, 3.92578125, 6.2177734375, 8.55078125, 10.6083984375, 4.47265625, 7.6591796875, 10.1787109375, 4.28125, 6.328125, 7.9619140625, 8.955078125, 9.994140625, 10.7080078125, 2.296875, 3.6630859375, 4.7587890625, 5.5615234375, 6.015625, 6.1591796875, 6.4189453125, 6.9580078125, 7.2275390625, 7.5498046875, 7.6689453125, 8.140625, 9.0048828125, 9.853515625, 10.56640625, 2.0068359375, 3.6796875, 19.0419921875, 22.248046875, 30.5947265625, 2.4501953125, 4.69921875, 22.6201171875, 2.9482421875, 6.6513671875, 9.85546875, 11.716796875, 3.986328125, 6.8037109375, 8.728515625, 10.0263671875, 2.6064453125, 4.5869140625, 6.5517578125, 7.9814453125, 9.4375, 10.5458984375, 5.0908203125, 8.3740234375, 12.431640625, 7.1806640625, 13.1845703125, 35.26953125, 14.896484375, 33.232421875, 3.37890625, 6.119140625, 8.6005859375, 11.333984375, 4.85546875, 8.025390625, 10.755859375, 4.2900390625, 6.92578125, 9.4111328125, 11.0478515625, 4.9443359375, 8.498046875, 11.005859375, 6.5478515625, 10.3046875, 6.5732421875, 10.1044921875, 4.84765625, 7.5732421875, 9.9052734375, 11.5908203125, 4.041015625, 6.6904296875, 9.0869140625, 10.6142578125, 43.220703125]","[45445.0, 45445.0, 45445.0, 44835.0, 44835.0, 44370.0, 44080.0, 44225.0, 43615.0, 43329.0, 42441.0, 41839.0, 41978.0, 41237.0, 40635.0, 41978.0, 40770.0, 44541.0, 45147.0, 45288.0, 45288.0, 44982.0, 41752.0, 41752.0, 41445.0, 42059.0, 42059.0, 41922.0, 41785.0, 41785.0, 41175.0, 41175.0, 41175.0, 41175.0, 41785.0, 42090.0, 42395.0, 42395.0, 42395.0, 42700.0, 42840.0, 43615.0, 30300.0, 29088.0, 29391.0, 30906.0, 33027.0, 34845.0, 36663.0, 37875.0, 39693.0, 42534.0, 42980.0, 43287.0, 43287.0, 42840.0, 42534.0, 38608.0, 37875.0, 36663.0, 34845.0, 32724.0, 34465.0, 35075.0, 34845.0, 43429.0, 44520.0, 32184.0, 31779.0, 32780.0, 30992.0, 34983.0, 35880.0, 34983.0, 34385.0, 33900.0, 33712.0, 33712.0, 33712.0, 34013.0, 32809.0, 31993.0, 31500.0, 31694.0, 33376.0, 32670.0, 32373.0, 31376.0, 32155.0, 31937.0, 32230.0, 32634.0, 32046.0, 32155.0, 31722.0]"
2026-09-09 19:20:46,2026-09-09,cam_38,237,101,5.07,2.34,/home/ashutosh_sharma/sleep-detection/cam_38/2026-09-09/tracked_persons/cam_38_CROP_id237_2026-09-09_19-20-46.jpg,/home/ashutosh_sharma/sleep-detection/cam_38/2026-09-09/tracked_persons/cam_38_FULL_id237_2026-09-09_19-20-46.jpg,"[0.478515625, 0.689453125, 1.3193359375, 1.6201171875, 2.0263671875, 2.3564453125, 2.9150390625, 3.0322265625, 3.2109375, 3.3193359375, 3.7041015625, 3.81640625, 4.3017578125, 4.3125, 4.365234375, 4.4052734375, 4.4453125, 4.4130859375, 4.529296875, 4.619140625, 4.6318359375, 4.7177734375, 4.689453125, 4.73828125, 4.7685546875, 4.7626953125, 4.7001953125, 4.74609375, 4.77734375, 4.751953125, 4.73046875, 4.7060546875, 4.7568359375, 4.7666015625, 4.8349609375, 4.8095703125, 4.7861328125, 4.78515625, 4.7958984375, 4.833984375, 4.875, 4.9736328125, 5.1484375, 5.1796875, 5.2294921875, 5.2373046875, 5.3876953125, 5.3154296875, 5.6064453125, 6.703125, 6.658203125, 7.048828125, 7.3564453125, 7.6533203125, 8.021484375, 8.185546875, 8.66796875, 8.7900390625, 8.892578125, 8.9755859375, 9.2421875, 9.3310546875, 9.3798828125, 9.34765625, 9.375, 9.490234375, 9.5791015625, 9.6259765625, 9.9404296875, 10.0673828125, 0.5107421875, 0.8740234375, 1.396484375, 1.5654296875, 1.7255859375, 1.880859375, 2.1865234375, 2.2822265625, 2.3134765625, 2.39453125, 2.625, 2.7783203125, 3.0009765625, 3.25390625, 3.8310546875, 4.0126953125, 4.8779296875, 5.3671875, 5.443359375, 5.5224609375, 5.5634765625, 5.52734375, 5.634765625, 5.8779296875, 5.8359375, 6.1416015625, 6.2509765625, 6.2841796875, 6.2958984375, 6.38671875, 6.42578125]","[13797.0, 14016.0, 13952.0, 14016.0, 14016.0, 14016.0, 14454.0, 14300.0, 14520.0, 14740.0, 14740.0, 14740.0, 14520.0, 14520.0, 14520.0, 14300.0, 14300.0, 14520.0, 14520.0, 14520.0, 14520.0, 14520.0, 14520.0, 14520.0, 14520.0, 14520.0, 14080.0, 14520.0, 13952.0, 14388.0, 13952.0, 13952.0, 13952.0, 14080.0, 14080.0, 14080.0, 14080.0, 14080.0, 14080.0, 14080.0, 13952.0, 13952.0, 14388.0, 14388.0, 14388.0, 14388.0, 13952.0, 13952.0, 14388.0, 13952.0, 13952.0, 14388.0, 14454.0, 14454.0, 14454.0, 14454.0, 14454.0, 14235.0, 14388.0, 14235.0, 14235.0, 14170.0, 14235.0, 14388.0, 15111.0, 14892.0, 14892.0, 15111.0, 14892.0, 15111.0, 14892.0, 14673.0, 14673.0, 14824.0, 15042.0, 14892.0, 14892.0, 14892.0, 14892.0, 14892.0, 14892.0, 14892.0, 14892.0, 14892.0, 15111.0, 15330.0, 15768.0, 15549.0, 15549.0, 15549.0, 15549.0, 15620.0, 15620.0, 15111.0, 15111.0, 15400.0, 15400.0, 15620.0, 15620.0, 15549.0, 15549.0]"
